2,Blueprint: Decorated Pauldrons
3,Blueprint: Explorer's Trousers
4,Blueprint: Explorer's Tunic
5,Blueprint: Guardsman's Breastplate
6,Blueprint: Cowl of the Blind Assassin
7,Blueprint: Unholy Visage of the Covenant
8,Blueprint: Flame Keeper's Jacket
9,Blueprint: Callidor's Vestments
10,Blueprint: Myrmidon Visor
11,Blueprint: Cowl of Mogdrogen
12,Blueprint: Adept's Boots
13,Blueprint: Adept's Greaves
14,Blueprint: Squire's Boots
15,Blueprint: Squire's Greaves
16,Blueprint: Adept's Gloves
17,Blueprint: Adept's Grips
18,Blueprint: Squire's Gauntlets
19,Blueprint: Squire's Handguards
20,Blueprint: Adept's Hood
21,Blueprint: Adept's Circlet
22,Blueprint: Ranger's Helm
23,Blueprint: Ranger's Casque
24,Blueprint: Maw of Despair
25,Blueprint: Dread-Mask of Gurgoth
26,Blueprint: Whisperer of Secrets
27,Blueprint: Abyssal Mask
28,Blueprint: Circlet of the Great Serpent
29,Blueprint: Mask of Infernal Truth
30,Blueprint: Faceguard of Justice
31,Blueprint: Beastcaller's Cowl
32,Blueprint: Mask of the Harbinger
33,Blueprint: Demonslayer's Hat
34,Blueprint: Clairvoyant's Hat
35,Blueprint: Markovian's Visor
36,Blueprint: Ulzuin's Headguard
37,Blueprint: Hood of Dreeg
38,Blueprint: Deathmarked Hood
39,Blueprint: Iskandra's Hood
40,Blueprint: Ultos' Hood
41,Blueprint: Crown of the Winter King
42,Blueprint: Trozan's Hat
43,Blueprint: Valdun's Hat
44,Blueprint: Eldritch Gaze
45,Blueprint: Covenant of the Three
52,Blueprint: Bounty Hunter's Girdle
53,Blueprint: Flamesilk Sash
54,Blueprint: Frostguard Girdle
55,Blueprint: Shockweave Sash
56,Blueprint: Warmonger's Belt
57,Blueprint: Wraithbone Sash
58,Blueprint: Blazethread Sash
59,Blueprint: Equilibrium Sash
60,Blueprint: Empowered Chthonian Thread Sash
61,Blueprint: Voidmancer's Cord
62,Blueprint: Tinker's Ingenuity
63,Blueprint: Reforged Chains of Oleron
64,Blueprint: Ulzuin's Torment
65,Blueprint: Spellbreaker Waistguard
66,Blueprint: Aether Soul
67,Blueprint: Arcane Spark
68,Blueprint: Ballistic Plating
69,Aethersteel Bolts
70,Amber
71,Bristly Fur
72,Chilled Steel
73,Coldstone
74,Cracked Lodestone
75,Deathchill Bolts
76,Dense Fur
77,Enchanted Flint
78,Flintcore Bolts
79,Hell's Bane Ammo
80,Molten Skin
81,Radiant Gem
82,Reinforced Shell
83,Resilient Plating
84,Riftstone
85,Rigid Shell
86,Scavenged Plating
87,Searing Ember
88,Serrated Shell
89,Severed Claw
90,Venom-Tipped Ammo
91,Vicious Spikes
92,Antivenom Salve
93,Vitriolic Gallstone
94,Void-Touched Ammo
95,Wrathstone
96,Blueprint: Shard of Beronath
97,Blueprint: Black Tallow
98,Blueprint: Blessed Steel
99,Blueprint: Blessed Whetstone
100,Blueprint: Bloody Whetstone
101,Blueprint: Prismatic Diamond
102,Blueprint: Focusing Prism
103,Blueprint: Haunted Steel
104,Blueprint: Hollowed Fang
105,Blueprint: Imbued Silver
106,Blueprint: Leathery Hide
107,Blueprint: Mark of Mogdrogen
108,Blueprint: Oleron's Blood
109,Blueprint: Purified Salt
110,Blueprint: Restless Remains
111,Blueprint: Rotten Heart
112,Blueprint: Runestone
113,Blueprint: Sanctified Bone
114,Blueprint: Scaled Hide
115,Blueprint: Silk Swatch
116,Blueprint: Silvercore Bolts
117,Blueprint: Spined Carapace
118,Blueprint: Vengeful Wraith
119,Blueprint: Wardstone
120,Blueprint: Legion Belt
121,Blueprint: Legion Waistguard
122,Blueprint: Legion Girdle
123,Blueprint: Devil's Cord
124,Blueprint: Devil's Waistguard
125,Blueprint: Devil's Girdle
126,Blueprint: Solar Belt
127,Blueprint: Solar Waistguard
128,Blueprint: Solar Girdle
129,Blueprint: Chosen Cord
130,Blueprint: Chosen Waistguard
131,Blueprint: Chosen Girdle
132,Blueprint: Death's Cord
133,Blueprint: Death's Waistguard
134,Blueprint: Death's Girdle
135,Blueprint: Rhowari Cord
136,Blueprint: Rhowari Waistguard
137,Blueprint: Rhowari Girdle
138,Blueprint: Legion Slicer
139,Blueprint: Empowered Crest of the Black Legion
140,Blueprint: Devil's Cudgel
141,Blueprint: Empowered Defender of Devil's Crossing
142,Blueprint: Lunar Sledge
143,Blueprint: Empowered Boltspitter
144,Blueprint: Harvest's Defender
145,Blueprint: Chosen Crusher
146,Blueprint: Chosen Crimsonguard
147,Blueprint: Empowered Orwell's Revolver
148,Blueprint: Death's Sixgun
149,Blueprint: Empowered Reaper's Touch
150,Blueprint: Death's Gaze
151,Blueprint: Rhowari Arbalest
152,Blueprint: Empowered Omen
153,Blueprint: Rhowari Spellweaver Codex
154,Blueprint: Maiven's Lens
155,Blueprint: Vortex Stone
156,Blueprint: Lapis Mantichora
157,Blueprint: Empowered Plaguemancer's Amulet
158,Blueprint: Empowered Essence of Beronath
159,Blueprint: Starfury Emerald
160,Blueprint: Essence of the Grim Dawn
161,Blueprint: Herald of the Apocalypse
162,Blueprint: Pestilence of Dreeg
163,Recipe: Elixir of the Aether
164,Recipe: Elixir of the Ancients
165,Recipe: Elixir of the Void
166,Recipe: Elixir of the Hunt
167,Aether Shard
168,Ancient Heart
169,Blood of Ch'thon
170,Aether Shard
171,Tainted Brain Matter
172,Blueprint: Ranger's Ribbon
173,Blueprint: Ranger's Badge
174,Blueprint: Mark of Fierce Resolve
175,Blueprint: Empowered Tempest Sigil
176,Blueprint: Badge of Mastery
177,Blueprint: Mark of Divinity
178,Recipe: Bloodfang Oil
179,Recipe: Arcanum Oil
180,Recipe: Lifestealer Oil
181,Recipe: Venomfang Oil
182,Recipe: Spiritbane Ointment
183,Recipe: Bloodbound Ointment
184,Recipe: Frostshroud Ointment
185,Recipe: Flamedrinker Ointment
186,Recipe: Hoarfrost Ointment
187,Recipe: Stormshroud Ointment
188,Recipe: Venomguard Ointment
189,Recipe: Royal Jelly Balm
190,Recipe: Royal Jelly Essence
191,Recipe: Royal Jelly Extract
192,Recipe: Royal Jelly Ointment
193,Recipe: Royal Jelly Salve
194,Recipe: Deathwhisper Ointment
195,Blueprint: Ruby of Elemental Balance
196,Blueprint: Sapphire of Elemental Balance
197,Blueprint: Skeleton Key
198,Blueprint: Relic - Calamity
199,Blueprint: Relic - Ruination
200,Blueprint: Relic - Equilibrium
201,Blueprint: Relic - Glacier
202,Blueprint: Relic - Squall
203,Blueprint: Relic - Inferno
204,Blueprint: Relic - Corruption
205,Blueprint: Relic - Sanctuary
206,Blueprint: Relic - Guile
207,Blueprint: Relic - Rampage
208,Blueprint: Relic - Mistborn Talisman
209,Blueprint: Relic - Bladesworn Talisman
210,Blueprint: Relic - Gunslinger's Talisman
211,Blueprint: Relic - Arbiter
212,Blueprint: Relic - Fortress
213,Blueprint: Relic - Slaughter
214,Blueprint: Relic - Juggernaut
215,Blueprint: Relic - Terror
216,Blueprint: Relic - Torment
217,Blueprint: Relic - Haunt
218,Blueprint: Relic - Conflagration
219,Blueprint: Relic - Savage
220,Blueprint: Relic - Deathchill
221,Blueprint: Relic - Sacrifice
222,Blueprint: Relic - Zeal
223,Blueprint: Relic - Desolation
224,Blueprint: Relic - Blight
225,Blueprint: Relic - Ancestor
226,Blueprint: Relic - Bladedancer's Talisman
227,Blueprint: Relic - Marauder's Talisman
228,Blueprint: Relic - Aegis
229,Blueprint: Relic - Malediction
230,Blueprint: Relic - Nemesis
231,Blueprint: Relic - Citadel
232,Blueprint: Relic - Eye of the Storm
233,Blueprint: Relic - Reckoning
234,Blueprint: Relic - Scourge
235,Blueprint: Relic - Ulzuin's Pyroclasm
236,Blueprint: Relic - Necrosis
237,Blueprint: Relic - Agrivix's Malice
238,Blueprint: Relic - Oblivion
239,Blueprint: Relic - Belgothian's Carnage
240,Blueprint: Relic - Annihilation
241,Blueprint: Relic - Avenger
242,Blueprint: Relic - Primal Instinct
243,Blueprint: Relic - Solael's Decimation
244,Blueprint: Relic - Dreeg's Affliction
245,Blueprint: Relic - Bysmiel's Domination
246,Blueprint: Relic - Oleron's Wrath
247,Blueprint: Relic - Menhir's Bastion
248,Blueprint: Relic - Iskandra's Balance
249,Blueprint: Relic - Blademaster's Talisman
250,Blueprint: Relic - Plunderer's Talisman
251,Blueprint: Double-Barrel Pistol
252,Blueprint: Hand Mortar
253,Blueprint: Shrapnel Pistol
254,Blueprint: Adept's Bladed Mace
255,Blueprint: Adept's Morningstar
256,Blueprint: Adept's Flanged Mace
257,Blueprint: Occult Horn
258,Blueprint: Occult Skull
259,Blueprint: Occult Effigy
260,Blueprint: Glyphed Archive
261,Blueprint: Glyphed Spellbook
262,Blueprint: Glyphed Tome
263,Blueprint: Adept's Dagger
264,Blueprint: Adept's Spellblade
265,Blueprint: Master's Spellblade
266,Blueprint: Adept's Wand
267,Blueprint: Adept's Scepter
268,Blueprint: Master's Scepter
269,Blueprint: Firestorm Scepter
270,Blueprint: Guardsman's Defender
271,Blueprint: Honed Longsword
272,Blueprint: Honed Broadsword
273,Blueprint: Honed Conqueror
274,Blueprint: Brutal Great Axe
275,Blueprint: Brutal Carver
276,Blueprint: Brutal Decapitator
277,Blueprint: Rotating Rifle
278,Blueprint: Frontloading Rifle
279,Blueprint: Shrapnel Gun
280,Blueprint: Battle Shield
281,Blueprint: Siege Shield
282,Blueprint: Sovereign Shield
283,Blueprint: Omen
284,Blueprint: Spellfire Wand
285,Blueprint: Storm's Edge
286,Blueprint: The Eye
287,Blueprint: Tremor
288,Blueprint: Witchstalker
289,Blueprint: Ulda'Jax
290,Blueprint: Empowered Spellfire Wand
291,Blueprint: Empowered Skyshard Spellblade
292,Blueprint: Empowered Malformed Effigy
293,Blueprint: Empowered Black Grimoire of Og'Napesh
294,Blueprint: Arcanum Sigillis
295,Blueprint: Raka'Jax
296,Blueprint: Damnation
297,Blueprint: Herald of Blazing Ends
298,Blueprint: Beronath,Reforged
299,Blueprint: Leviathan
300,Blueprint: Olexra's Chill
301,Blueprint: Basilisk Claw
302,Blueprint: Siegebreaker
303,Blueprint: Eye of Dominion
304,Blueprint: Codex of Eternal Storms
306,Elixir of the Aether (1)
307,Elixir of the Ancients (1)
308,Elixir of the Void (1)
309,Elixir of the Hunt (1)
310,Bloodfang Oil (3)
312,Arcanum Oil (3)
316,Lifestealer Oil (3)
317,Venomfang Oil (3)
320,Spiritbane Ointment (3)
321,Bloodbound Ointment (3)
322,Frostshroud Ointment (3)
323,Flamedrinker Ointment (3)
324,Hoarfrost Ointment (3)
325,Stormshroud Ointment (3)
326,Venomguard Ointment (3)
327,Royal Jelly Balm (3)
328,Royal Jelly Essence (3)
329,Royal Jelly Extract (3)
330,Royal Jelly Ointment (3)
331,Royal Jelly Salve (3)
332,Deathwhisper Ointment (3)
339,Aether Shard (9)
340,Ancient Heart (8)
341,Blood of Ch'thon (12)
342,Chthonic Seal of Binding (15)
343,Manticore Eye (5)
344,Royal Jelly (2)
345,Skeleton Key (1)
346,Tainted Brain Matter (12)
473,Devil's Badge of Flame
474,Devil's Badge of Frost
475,Devil's Badge of Venom
479,Chosen Star of War
480,Chosen Star of Thunder
481,Defiled Chosen Star
482,Rhowari Guardstone
483,Rhowari Rancor
484,Rhowari Lifecaller
485,Solar Channelling Stone
486,Harvester Stone
487,Thundering Gem
488,Grasp of the Reaper
489,Pendant of Ubiquitous Wrath
490,Voidcaller Pendant
491,Devil's War Seal
492,Devil's Wrath Seal
493,Rhowari Wrath Seal
494,Rhowari Void Seal
497,Harvest Venom Seal
498,Harvest Blade Seal
499,Death's Frost Seal
500,Death's Life Seal
501,Chosen Flame Seal
502,Chosen Storm Seal
503,Devil's Cord (1)
504,Devil's Waistguard (1)
505,Devil's Girdle (1)
506,Rhowari Cord (1)
507,Rhowari Waistguard (1)
508,Rhowari Girdle (1)
509,Solar Belt (1)
510,Solar Waistguard (1)
511,Solar Girdle (1)
512,Legion Belt (1)
513,Legion Waistguard (1)
514,Legion Girdle (1)
515,Death's Cord (1)
516,Death's Waistguard (1)
517,Death's Girdle (1)
518,Chosen Cord (1)
519,Chosen Waistguard (1)
520,Chosen Girdle (1)
539,Outcast's Hood
540,Outcast's Hood
541,Outcast's Hood
654,Devil's Cudgel (1)
691,Rhowari Spellweaver Codex (1)
692,Death's Gaze (1)
701,Death's Sixgun (1)
710,Rhowari Arbalest (1)
719,Lunar Sledge (1)
720,Chosen Crusher (1)
727,Harvest's Defender (1)
728,Chosen Crimsonguard (1)
735,Legion Slicer (1)
743,Ranger's Ribbon (1)
744,Ranger's Badge (1)
754,Beast Slayer's Mark
755,Badge of Tenacity
756,Insignia of Justice
757,Bloodreaper's Mark
758,Crimson Heart
759,Combat Medic's Mark
760,Mark of the Templar
761,Arcanum Sigil
762,Vanguard Star
763,Badge of the Crimson Company
764,Apothecary's Sign
765,Unholy Sigil of the Covenant
766,Ribbon of Valiance
767,Enchanter's Insignia
768,Heretic's Sigil
769,Tempest Sigil
770,Mark of the False Gods
771,Gutworm's Bloody Seal
772,Mogdrogen Sigil
773,Illusionist's Mark
774,Black Star of Deceit
775,Mark of the Nymph
776,Star of Frozen Skies
777,Volcanum
778,Mark of Fierce Resolve
778,Mark of Fierce Resolve (1)
779,Myrmidon Revered Star
780,Empowered Beast Slayer's Mark
781,Empowered Badge of Tenacity
782,Empowered Insignia of Justice
783,Empowered Crimson Heart
784,Empowered Enchanter's Insignia
785,Empowered Heretic's Sigil
786,Empowered Gutworm's Bloody Seal
787,Empowered Combat Medic's Mark
788,Empowered Mark of the Templar
789,Empowered Arcanum Sigil
790,Empowered Tempest Sigil
790,Empowered Tempest Sigil (1)
791,Empowered Bloodreaper's Mark
792,Empowered Apothecary's Sign
793,Mark of the Forbidden
794,View unique affixes
794,Badge of Mastery (1)
795,Pyroclasm Mark
796,Sigil of the Bear King
797,Blood Sigil of Ch'Thon
798,Direwolf Crest
799,Undying Oath
800,Markovian's Stratagem
801,Mark of Dark Dreams
802,Mark of Anathema
803,Mark of Divinity
803,Mark of Divinity (1)
804,Beastcaller's Talisman
832,Alazra's Ruby
833,Bloodmoon
834,Devil's Charm
835,Maiven's Lens
835,Maiven's Lens (1)
836,Warp Shard
837,Amulet of the Eye
838,Warmaster's Pride
839,Spiritstone Charm
840,View unique affixes
840,Vortex Stone (1)
841,Death Ward
842,Essence of Beronath
843,Bane of Nuram'Siin
844,Lapis Lupus
845,Avarice of Androneus
846,Herald's Ward
847,Unseeing Eye of the Blind Assassin
848,Pendant of the Royal Crown
849,Pendant of Valiance
850,Wretched Necessity
851,Stormcaller's Gem
852,Blightshard Amulet
853,Shieldmaiden's Guard
854,Frozen Core
855,Amulet of Scorched Earth
856,Plaguemancer's Amulet
857,Cerulean Shard
858,Bladeward's Courage
859,Shard of Menhir
860,Bramblewood Amulet
861,Locust Gem
862,Ancestral Ward
863,Shard of Command
864,Soul Pendant
865,Venomblade Amulet
866,Arcane Eclipse
867,Righteous Flame
868,Icetrap
869,Callidor's Shard
870,Binding Emerald of Mogdrogen
871,Aetherstorm Amulet
872,Lapis Mantichora
872,Lapis Mantichora (1)
873,Empowered Alazra's Ruby
874,Empowered Bloodmoon
875,Empowered Devil's Charm
876,Empowered Warp Shard
877,Empowered Amulet of the Eye
878,Empowered Warmaster's Pride
879,Empowered Stormcaller's Gem
880,Empowered Blightshard Amulet
881,Empowered Bladeward's Courage
882,Empowered Locust Gem
883,Empowered Spiritstone Charm
884,Empowered Death Ward
885,Empowered Essence of Beronath
885,Empowered Essence of Beronath (1)
886,Empowered Wretched Necessity
887,Empowered Shieldmaiden's Guard
888,Empowered Frozen Core
889,Empowered Amulet of Scorched Earth
890,Empowered Plaguemancer's Amulet
890,Empowered Plaguemancer's Amulet (1)
891,Empowered Cerulean Shard
892,Empowered Shard of Menhir
893,Empowered Bramblewood Amulet
894,Empowered Maiven's Lens
895,Empowered Herald's Ward
896,Will of Bysmiel
897,Thread of Mortality
898,Avatar of Mercy
899,Sovereign Ruby of Domination
900,The Peerless Eye of Beronath
901,Starfury Emerald
901,Starfury Emerald (1)
902,Essence of the Grim Dawn
902,Essence of the Grim Dawn (1)
903,Deathbound Amethyst
904,Celestial Stone of Halakor
905,Doombringer
906,Herald of the Apocalypse
906,Herald of the Apocalypse (1)
907,View unique affixes
907,Pestilence of Dreeg (1)
908,Night's Embrace
909,Avenger of Cairn
910,Dawnbreaker's Beacon
911,Demonslayer's Defense
912,Invoker's Shard
913,Black Gem of Dreeg
914,Iskandra's Focusing Prism
915,Ultos' Gem
916,Markovian's Distinction
917,Heart of Ulzuin
918,Heart of the Mountain
919,Valdun's Bounty
960,Marrow Band
961,Obsidian Seal
962,Lorekeeper's Band
963,Twilight Signet
964,Blackwatch Seal
965,Starfire
966,Bloodseal
967,Aetherlord's Signet
968,Eternal Band
969,Oblitorix
970,Band of Wandering Souls
971,Apothecary's Wisdom
972,Seal of the Royal Crown
973,Jewel of the Royal Crown
974,Ring of Valiance
975,Signet of Valiance
976,Right Hand of Carnage
977,Left Hand of Carnage
978,Alkamos' Dread
979,Alkamos' Agony
980,Alkamos' Anguish
981,Alkamos' Torment
982,Band of Black Ice
983,Ring of Vile Intent
984,Chillsurge Ring
985,Ring of Eternal Rot
986,Seal of the Blazing Inferno
987,Sentinel's Seal
988,Quickening Gem
989,Briarthorn Band
990,Lifebloom Band
991,Goliath Signet
992,Sigil of the Depraved
993,Signet of the Damned
994,Mutagenic Sigil
995,Amarastan Sigil
996,Wildpact Emerald
997,Aetherstorm Sigil
998,Aetherstorm Seal
999,Ruby of Elemental Balance
999,Ruby of Elemental Balance (1)
1000,Sapphire of Elemental Balance
1000,Sapphire of Elemental Balance (1)
1001,Empowered Marrow Band
1002,Empowered Obsidian Seal
1003,Empowered Lorekeeper's Band
1004,Empowered Twilight Signet
1005,Empowered Bloodseal
1006,Empowered Band of Black Ice
1007,Empowered Ring of Vile Intent
1008,Empowered Briarthorn Band
1009,Empowered Blackwatch Seal
1010,Empowered Starfire
1011,Empowered Aetherlord's Signet
1012,Empowered Eternal Band
1013,Empowered Chillsurge Ring
1014,Empowered Ring of Eternal Rot
1015,Empowered Seal of the Blazing Inferno
1016,Empowered Sentinel's Seal
1017,Empowered Quickening Gem
1018,Empowered Lifebloom Band
1019,Empowered Goliath Signet
1020,Empowered Apothecary's Wisdom
1021,Signet of the Fallen
1022,Glyph of Kelphat'Zoth
1023,Lifegiver Signet
1024,Time-Flux Band
1025,Screams of the Aether
1026,Entropic Coil
1027,Ring of the Black Matriarch
1028,Band of the Eternal Haunt
1029,Belgothian's Sigil
1030,Albrecht's Duality
1031,Open Hand of Mercy
1032,Closed Fist of Vengeance
1033,Invoker's Burning Hand
1034,Invoker's Shocking Touch
1045,Bounty Hunter's Girdle (1)
1046,Shockweave Sash (1)
1047,Warmonger's Belt (1)
1048,Flamesilk Sash (1)
1049,Frostguard Girdle (1)
1050,Wraithbone Sash (1)
1060,Oldenar's Stabilizer
1061,Frizzick's Utility Pack
1062,Alchemist's Belt
1063,Marauder's Ammo Belt
1064,Warchief's Glory
1065,Headhunter's Trophy
1066,Acolyte's Cord
1067,Chthonian Thread Sash
1068,Bloodbathed Links
1069,Cord of the Ancestor
1070,Chains of Anguish
1071,Warpath Girdle
1072,Sharpshooter's Pouch
1073,Skyreach Sash
1074,Shadowstalker's Belt
1075,Flamescourge Girdle
1076,Legionnaire's Triumph
1077,Stormtouched Chains
1078,Stoneskin Girdle
1079,Soulbinder's Chains
1080,Blazethread Sash
1080,Blazethread Sash (1)
1081,Dreadweave Girdle
1082,Equilibrium Sash
1082,Equilibrium Sash (1)
1083,Flame Keeper's Girdle
1084,Empowered Oldenar's Stabilizer
1085,Empowered Frizzick's Utility Pack
1086,Empowered Alchemist's Belt
1087,Empowered Warchief's Glory
1088,Empowered Headhunter's Trophy
1089,Empowered Acolyte's Cord
1090,Empowered Chthonian Thread Sash
1090,Empowered Chthonian Thread Sash (1)
1091,Empowered Bloodbathed Links
1092,Empowered Cord of the Ancestor
1093,Empowered Marauder's Ammo Belt
1094,Thorn Girdle of the Misty Glade
1095,Blade Breaker Sash
1096,Boneweave Girdle
1097,Voidmancer's Cord
1097,Voidmancer's Cord (1)
1098,Guthook Belt
1099,Tinker's Ingenuity
1099,Tinker's Ingenuity (1)
1100,Sash of the Bloodlord
1101,Hammerfall Girdle
1102,Reforged Chains of Oleron
1102,Reforged Chains of Oleron (1)
1103,Ulzuin's Torment
1103,Ulzuin's Torment (1)
1104,Sash of the Immortal Sage
1105,Girdle of Stolen Dreams
1106,Spellbreaker Waistguard
1106,Spellbreaker Waistguard (1)
1107,Phantom-Thread Girdle
1108,Wildblood Girdle
1128,Adept's Boots (1)
1129,Squire's Boots (1)
1130,Adept's Greaves (1)
1131,Squire's Greaves (1)
1132,Molten Walkers
1133,Windborne Greaves
1134,Boots of Unseeing Swiftness
1135,Stonewrought Groundbreakers
1136,Explorer's Footpads
1137,Bloodhound Greaves
1138,The Final March
1139,Rifthound Leather Boots
1140,Dreadnought Footpads
1141,Hellion Greaves
1142,Serpentine Wraps
1143,Desecrator Treads
1144,Spellsage Boots
1145,Magelord's Greaves
1146,Empowered Molten Walkers
1147,Empowered Windborne Greaves
1148,Empowered Boots of Unseeing Swiftness
1149,Empowered Stonewrought Groundbreakers
1150,Empowered Bloodhound Greaves
1151,Empowered Final March
1152,Empowered Rifthound Leather Boots
1153,Empowered Dreadnought Footpads
1154,Golemborn Greaves
1155,Wyrmscale Footguards
1156,Venomspine Greaves
1157,Voidwalker Footpads
1158,Boneshatter Treads
1159,Wraithwalkers
1160,Windshear Greaves
1161,Stormtitan Treads
1162,Footpads of the Grey Magi
1163,Earthshatter Treads
1182,Adept's Gloves (1)
1183,Squire's Gauntlets (1)
1184,Adept's Grips (1)
1185,Squire's Handguards (1)
1186,Shadow's Grasp
1187,Zealot's Gauntlets
1188,Bladedancer's Handguards
1189,Spellmaker's Grip
1190,Marauder's Gloves
1191,Soul's Touch
1192,Inscribed Bracers
1193,Brawler's Gloves
1194,Runic Bracers
1195,Blacksteel Gauntlets
1196,Silktouch Handwraps
1197,Apothecary's Touch
1198,Handguards of Perdition
1199,Dawnguard Gauntlets
1200,Embergrip Handguards
1201,Quickdraw Gloves
1202,Eastern Gloves
1203,Thundertouch Bracers
1204,Obsidian Grasp
1205,Doomtouch
1206,Dreadchill Grasp
1207,Empowered Shadow's Grasp
1208,Empowered Zealot's Gauntlets
1209,Empowered Bladedancer's Handguards
1210,Empowered Spellmaker's Grip
1211,Empowered Soul's Touch
1212,Empowered Embergrip Handguards
1213,Empowered Inscribed Bracers
1214,Empowered Brawler's Gloves
1215,Empowered Quickdraw Gloves
1216,Empowered Thundertouch Bracers
1217,Empowered Marauder's Gloves
1218,Empowered Apothecary's Touch
1219,Empowered Handguards of Perdition
1220,Grasp of Unchained Might
1221,Touch of the Everliving Grove
1222,Voidsteel Gauntlets
1223,Bonescavenger's Deathgrips
1224,Wyrmbone Handguards
1225,Iceskorn Talons
1226,Viperfang Grips
1227,Aethereach
1228,Colossal Grasp
1229,Handguards of Justice
1230,Harbinger's Grasp
1292,Adept's Hood (1)
1293,Ranger's Helm (1)
1294,Adept's Circlet (1)
1295,Ranger's Casque (1)
1318,Stormcaller's Circlet
1319,Berserker's Cowl
1320,Nether Crown
1321,Crown of Command
1322,Templar's Headguard
1323,Guardsman's Helm
1324,Explorer's Cover
1325,Maiven's Hood
1326,Bloodreaper's Cowl
1327,Eye of the Beholder
1328,Mask of Delirium
1329,Tempest of the Void
1330,Glory of the Silver Knight
1331,Terror of the Grove
1332,Spiritweaver Circlet
1333,Shadowspark Hood
1334,Herald's Mask
1335,Faceguard of Perdition
1336,Cowl of the Blind Assassin
1336,Cowl of the Blind Assassin (1)
1337,Sharpshooter's Glass Eye
1338,Unholy Visage of the Covenant
1338,Unholy Visage of the Covenant (1)
1339,Cowl of the Paragon
1340,Dawnguard Helm
1341,Miasma Hood
1342,Eyes of Flame
1343,Wildcaller's Cowl
1344,Praetorian Faceguard
1345,Frostshard Crown
1346,Circlet of Burning Rage
1347,Eyes of the Reaper
1348,Myrmidon Visor
1348,Myrmidon Visor (1)
1349,Cowl of Mogdrogen
1349,Cowl of Mogdrogen (1)
1350,Empowered Stormcaller's Circlet
1351,Empowered Berserker's Cowl
1352,Empowered Nether Crown
1353,Empowered Crown of Command
1354,Empowered Templar's Headguard
1355,Empowered Eye of the Beholder
1356,Empowered Mask of Delirium
1357,Empowered Tempest of the Void
1358,Empowered Guardsman's Helm
1359,Empowered Maiven's Hood
1360,Empowered Bloodreaper's Cowl
1361,Empowered Miasma Hood
1362,Empowered Eyes of Flame
1363,Empowered Wildcaller's Cowl
1364,Empowered Herald's Mask
1365,Empowered Faceguard of Perdition
1366,Eldritch-Keeper's Casque
1367,The Triumvirate
1368,Empowered Eldritch-Keeper's Casque
1369,Empowered Triumvirate
1370,Maw of Despair
1370,Maw of Despair (1)
1371,Dread-Mask of Gurgoth
1371,Dread-Mask of Gurgoth (1)
1372,Whisperer of Secrets
1372,Whisperer of Secrets (1)
1373,Abyssal Mask
1373,Abyssal Mask (1)
1374,Circlet of the Great Serpent
1374,Circlet of the Great Serpent (1)
1375,Mask of Infernal Truth
1375,Mask of Infernal Truth (1)
1376,Faceguard of Justice
1376,Faceguard of Justice (1)
1377,Beastcaller's Cowl
1377,Beastcaller's Cowl (1)
1378,Mask of the Harbinger
1378,Mask of the Harbinger (1)
1379,Demonslayer's Hat
1379,Demonslayer's Hat (1)
1380,Clairvoyant's Hat
1380,Clairvoyant's Hat (1)
1381,Markovian's Visor
1381,Markovian's Visor (1)
1382,Ulzuin's Headguard
1382,Ulzuin's Headguard (1)
1383,Hood of Dreeg
1383,Hood of Dreeg (1)
1384,Deathmarked Hood
1384,Deathmarked Hood (1)
1385,Iskandra's Hood
1385,Iskandra's Hood (1)
1386,Ultos' Hood
1386,Ultos' Hood (1)
1387,Crown of the Winter King
1387,Crown of the Winter King (1)
1388,Trozan's Hat
1388,Trozan's Hat (1)
1389,Valdun's Hat
1389,Valdun's Hat (1)
1390,Outcast's Secret
1391,Eldritch Gaze
1391,Eldritch Gaze (1)
1392,Covenant of the Three
1392,Covenant of the Three (1)
1426,Mistwalker Leggings
1427,Hermit's Legguards
1428,Swampdweller's Legguards
1429,Explorer's Trousers
1429,Explorer's Trousers (1)
1430,Soiled Trousers
1431,Slithscale Legwraps
1432,Templar's Leg Armor
1433,Legplates of Valor
1434,Flesheater Legwraps
1435,Shadeleather Leggings
1436,Hulking Legguards
1437,Eastern Legguards
1438,Bladeguard Leggings
1439,Rifthound Legwraps
1440,Spellweave Legwraps
1441,Empowered Mistwalker Leggings
1442,Empowered Hermit's Legguards
1443,Empowered Swampdweller's Legguards
1444,Empowered Soiled Trousers
1445,Empowered Slithscale Legwraps
1446,Empowered Templar's Leg Armor
1447,Empowered Legplates of Valor
1448,Demonbone Legplates
1449,Boneweave Leggings
1450,Deathwhisper Leggings
1451,Hellforged Legplates
1452,Fateweaver's Leggings
1453,Wraithborne Legwraps
1454,Arcane Harmony Leggings
1455,Thornhide Legguards
1456,Nidalla's Legwraps
1457,Legwraps of the Tranquil Mind
1458,Chausses of Barbaros
1459,Stormcage Legguards
1460,Pretty Great Pants
1461,Wildshorn Legguards
1462,Calamity
1462,Calamity (1)
1463,Ruination
1463,Ruination (1)
1464,Equilibrium
1464,Equilibrium (1)
1465,Glacier
1465,Glacier (1)
1466,Squall
1466,Squall (1)
1467,Inferno
1467,Inferno (1)
1468,Corruption
1468,Corruption (1)
1469,Sanctuary
1469,Sanctuary (1)
1470,Guile
1470,Guile (1)
1471,Rampage
1471,Rampage (1)
1472,Mistborn Talisman
1472,Mistborn Talisman (1)
1473,Bladesworn Talisman
1473,Bladesworn Talisman (1)
1474,Gunslinger's Talisman
1474,Gunslinger's Talisman (1)
1475,Bone Talisman
1476,Ivory Talisman
1477,Sacred Talisman
1478,Arbiter
1478,Arbiter (1)
1479,Fortress
1479,Fortress (1)
1480,Slaughter
1480,Slaughter (1)
1481,Juggernaut
1481,Juggernaut (1)
1482,Terror
1482,Terror (1)
1483,Torment
1483,Torment (1)
1484,Haunt
1484,Haunt (1)
1485,Conflagration
1485,Conflagration (1)
1486,Savage
1486,Savage (1)
1487,Deathchill
1487,Deathchill (1)
1488,Sacrifice
1488,Sacrifice (1)
1489,Zeal
1489,Zeal (1)
1490,Desolation
1490,Desolation (1)
1491,Blight
1491,Blight (1)
1492,Ancestor
1492,Ancestor (1)
1493,Bladedancer's Talisman
1493,Bladedancer's Talisman (1)
1494,Marauder's Talisman
1494,Marauder's Talisman (1)
1495,Aegis
1495,Aegis (1)
1496,Malediction
1496,Malediction (1)
1497,Nemesis
1497,Nemesis (1)
1498,Citadel
1498,Citadel (1)
1499,Eye of the Storm
1499,Eye of the Storm (1)
1500,Reckoning
1500,Reckoning (1)
1501,Scourge
1501,Scourge (1)
1502,Ulzuin's Pyroclasm
1502,Ulzuin's Pyroclasm (1)
1503,Necrosis
1503,Necrosis (1)
1504,Agrivix's Malice
1504,Agrivix's Malice (1)
1505,Oblivion
1505,Oblivion (1)
1506,Belgothian's Carnage
1506,Belgothian's Carnage (1)
1507,Annihilation
1507,Annihilation (1)
1508,Avenger
1508,Avenger (1)
1509,Primal Instinct
1509,Primal Instinct (1)
1510,Solael's Decimation
1510,Solael's Decimation (1)
1511,Dreeg's Affliction
1511,Dreeg's Affliction (1)
1512,Bysmiel's Domination
1512,Bysmiel's Domination (1)
1513,Oleron's Wrath
1513,Oleron's Wrath (1)
1514,Menhir's Bastion
1514,Menhir's Bastion (1)
1515,Iskandra's Balance
1515,Iskandra's Balance (1)
1516,Blademaster's Talisman
1516,Blademaster's Talisman (1)
1517,Plunderer's Talisman
1517,Plunderer's Talisman (1)
1618,Razorback's Spined Mantle
1619,Astral Mantle
1620,Warlord's Spaulders
1621,Guardsman's Spaulders
1622,Grenadier Shoulderguard
1623,Mantle of the Weeping Eye
1624,Shellshock Epaulets
1625,View unique affixes
1625,Decorated Pauldrons (1)
1626,Mantle of the Patron
1627,Shoulderguards of Perdition
1628,Unholy Mantle of the Covenant
1629,Shoulderguard of the Paragon
1630,Dawnguard Epaulets
1631,Brimstone Shoulderguard
1632,Praetorian Shoulderguard
1633,Alchemist's Mantle
1634,Chillmane Mantle
1635,Amarastan Pauldrons
1636,Flame Keeper's Pauldrons
1637,Callidor's Mantle
1638,Empowered Razorback's Spined Mantle
1639,Empowered Astral Mantle
1640,Empowered Warlord's Spaulders
1641,Empowered Grenadier Shoulderguard
1642,Empowered Mantle of the Weeping Eye
1643,Empowered Guardsman's Spaulders
1644,Empowered Brimstone Shoulderguard
1645,Empowered Shoulderguards of Perdition
1646,Spaulders of Mogdrogen
1647,Fateweaver's Mantle
1648,Divinesteel Shoulderguard
1649,Bloodfury Spaulders
1650,Shadowflame Mantle
1651,Titan Pauldrons
1652,Chilldread Mantle
1653,Vileblood Mantle
1654,Fiendflesh Mantle
1655,Shoulderguards of Justice
1656,Beastcaller's Shoulderpads
1657,Dawnbreaker's Shoulderguard
1658,Wildblood Mantle
1659,Clairvoyant's Mantle
1660,Markovian's Vanguard
1661,Ulzuin's Shoulderguard
1662,Mantle of Dreeg
1663,Deathmarked Shoulderguard
1664,Iskandra's Pauldrons
1665,Ultos' Spaulders
1666,Mantle of Mogdrogen
1667,Trozan's Mantle
1757,Nighthunter's Chestguard
1758,Gunslinger's Jacket
1759,Malduin's Cloth
1760,Doomforged Breastplate
1761,Guardsman's Breastplate
1761,Guardsman's Breastplate (1)
1762,Explorer's Tunic
1762,Explorer's Tunic (1)
1763,Bloodreaper's Coat
1764,Fanatic's Overcoat
1765,Fused Carapace Armor
1766,Skinflayer Raiment
1767,Obsidian-Plate Cuirass
1768,Magnison's Trench Coat
1769,Vestment of Mourning
1770,Spidersilk Hauberk
1771,Cloth of Unspeakable Invocation
1772,Herald's Jacket
1773,Chestguard of Perdition
1774,Stealth Jacket of the Blind Assassin
1775,Sharpshooter's Coat
1776,Dawnguard Plate
1777,Zolhan's Battle Plate
1778,Miasma Robes
1779,Eastern Robes
1780,Wildcaller's Skins
1781,Wildspeaker Coat
1782,Praetorian Chestguard
1783,Voidforged Battle Plate
1784,Flame Keeper's Jacket
1784,Flame Keeper's Jacket (1)
1785,Callidor's Vestments
1785,Callidor's Vestments (1)
1786,Myrmidon Chestguard
1787,Surcoat of Mogdrogen
1788,Empowered Nighthunter's Chestguard
1789,Empowered Gunslinger's Jacket
1790,Empowered Malduin's Cloth
1791,Empowered Doomforged Breastplate
1792,Empowered Fanatic's Overcoat
1793,Empowered Fused Carapace Armor
1794,Empowered Skinflayer Raiment
1795,Empowered Zolhan's Battle Plate
1796,Empowered Guardsman's Breastplate
1797,Empowered Bloodreaper's Coat
1798,Empowered Miasma Robes
1799,Empowered Wildcaller's Skins
1800,Empowered Herald's Jacket
1801,Empowered Chestguard of Perdition
1802,Fiendscale Jacket
1803,Devil's Cage Hauberk
1804,Shroud of Illusion
1805,Vestments of the Great Guardian
1806,Dread Armor of Azragor
1807,Korvoran's Chestguard
1808,Fiendmaster Raiment
1809,Divinesteel Hauberk
1810,Chestguard of Justice
1811,Beastcaller's Shroud
1812,Demonslayer's Jacket
1813,Clairvoyant's Robe
1814,Markovian's Platemail
1815,Ulzuin's Chestguard
1816,Vestments of Dreeg
1817,Deathmarked Jacket
1818,Iskandra's Vestments
1819,Ultos' Cuirass
1820,Frostdread Cuirass
1821,Trozan's Vestments
1822,Valdun's Jacket
1874,Cruel Edge
1875,Reaper's Touch
1876,Gorefeast
1877,Bloodreaper's Cleaver
1878,Storm's Edge
1878,Storm's Edge (1)
1879,Krieg's Cleaver
1880,Maleficus
1881,Doomsaw of Gluttony
1882,Thirsting Maw
1883,Immaterial Edge
1884,Notched Bone of a Thousand Deaths
1885,Corpse Desecrator
1886,Chonag'Ri
1887,Asterkarn Cleaver
1888,Hellclaw Slicer
1889,Empowered Cruel Edge
1890,Empowered Reaper's Touch
1890,Empowered Reaper's Touch (1)
1891,Empowered Gorefeast
1892,Empowered Storm's Edge
1893,Empowered Krieg's Cleaver
1894,Empowered Maleficus
1895,Empowered Doomsaw of Gluttony
1896,Empowered Thirsting Maw
1897,Empowered Immaterial Edge
1898,Empowered Bloodreaper's Cleaver
1899,Butcher of Burrwitch
1900,Crescent Moon
1901,Brutallax
1902,Earthsplitter
1903,Damnation
1903,Damnation (1)
1904,Deathmarked Decapitator
1954,Adept's Bladed Mace (1)
1955,Adept's Morningstar (1)
1956,Adept's Flanged Mace (1)
1965,Aetherwoe
1966,Anarchy
1967,Touch of Malice
1968,Guardsman's Hammer
1969,Blackwood Wand
1970,Sacred Hammer of Eternal Wrath
1971,Blessed Torch
1972,Spiritcrusher
1973,Defiance
1974,Aethersteel Arbiter
1975,Fist of the Blind Assassin
1976,Bonesnap Gavel
1977,Black Hand of Sanar'Siin
1978,Progenitor
1979,War's Rebuke
1980,Gavel of Barthollem
1981,Chillsteel Redeemer
1982,Empowered Aetherwoe
1983,Empowered Anarchy
1984,Empowered Touch of Malice
1985,Empowered Bonesnap Gavel
1986,Empowered Sacred Hammer of Eternal Wrath
1987,Empowered Blessed Torch
1988,Empowered Spiritcrusher
1989,Empowered Guardsman's Hammer
1990,Death Omen
1991,Beacon of the Winter's Veil
1992,Agony
1993,Herald of Blazing Ends
1993,Herald of Blazing Ends (1)
1994,Plaguebearer of Dreeg
1995,Dawnbreaker's Sledge
2061,Adept's Dagger (1)
2062,Adept's Spellblade (1)
2063,Master's Spellblade (1)
2064,Adept's Wand (1)
2065,Adept's Scepter (1)
2066,Master's Scepter (1)
2104,Burning Hatred
2105,Spellfire Wand
2105,Spellfire Wand (1)
2106,Chillheart Scepter
2107,Stormcaller's Spellblade
2108,Voidblade
2109,Plagueblood Carver
2110,Soulcarver
2111,Cortosian Invoker
2112,Coldsnap
2113,Lifebinder
2114,Sparkstone Scepter
2115,Firestorm Scepter
2115,Firestorm Scepter (1)
2116,Skyshard Spellblade
2117,Tainted Blade of Nera'Val
2118,Fiendblood Spellblade
2119,Spellweaver
2120,Blightstone Invoker
2121,Cosmic Invoker
2122,Stormtrap
2123,Hellrune Carver
2124,Glacierborn Spellblade
2125,Bloodied Dagger of the Covenant
2126,Empowered Blackwood Wand
2127,Empowered Burning Hatred
2128,Empowered Spellfire Wand
2128,Empowered Spellfire Wand (1)
2129,Empowered Chillheart Scepter
2130,Empowered Stormcaller's Spellblade
2131,Empowered Voidblade
2132,Empowered Plagueblood Carver
2133,Empowered Soulcarver
2134,Empowered Cortosian Invoker
2135,Empowered Coldsnap
2136,Empowered Lifebinder
2137,Empowered Skyshard Spellblade
2137,Empowered Skyshard Spellblade (1)
2138,Empowered Tainted Blade of Nera'Val
2139,Empowered Fiendblood Spellblade
2141,Touch of Purity
2142,Black Scourge
2143,Wrath of the Ascendant
2144,Soulbearer
2145,Olexra's Chill
2145,Olexra's Chill (1)
2146,Panetti's Replicating Wand
2147,Spark of Ultos
2148,Shard of Asterkarn
2149,Venomlash
2150,Warpfire
2151,Temporal Tempest
2152,Dracarris
2153,Fang of Ch'thon
2154,Basilisk Claw
2154,Basilisk Claw (1)
2155,Clairvoyant's Wand
2156,Runed Dagger of Dreeg
2157,Trozan's Starkeeper
2182,Glyphed Archive (1)
2183,Occult Horn (1)
2184,Glyphed Spellbook (1)
2185,Occult Skull (1)
2186,Glyphed Tome (1)
2187,Occult Effigy (1)
2273,Dementia
2274,Crushing Will
2275,Maiven's Tome
2276,Heretic's Tome
2277,Malformed Effigy
2278,Banshee's Misery
2279,Wyrmclaw
2280,Black Grimoire of Og'Napesh
2281,Edrick's Backscratcher
2282,Sacred Texts of Menhir
2283,Nocturnis
2284,Channeling Orb of the Covenant
2285,Tome of Plagues
2286,Stormcaller's Effigy
2287,Storm Scion
2288,Scorcher's Archive
2289,Deathlord's Tome
2290,Callidor's Codex
2291,Empowered Dementia
2292,Empowered Crushing Will
2293,Empowered Heretic's Tome
2294,Empowered Malformed Effigy
2294,Empowered Malformed Effigy (1)
2295,Empowered Stormcaller's Effigy
2296,Empowered Banshee's Misery
2297,Empowered Wyrmclaw
2298,Empowered Black Grimoire of Og'Napesh
2298,Empowered Black Grimoire of Og'Napesh (1)
2299,Empowered Edrick's Backscratcher
2300,Empowered Storm Scion
2301,Empowered Maiven's Tome
2302,Empowered Tome of Plagues
2303,Fiend's Resolve
2304,Aldanar's Vanity
2305,Codex of Lies
2306,Tome of Names
2307,Blood Orb of Ch'thon
2308,Speaker for the Dead
2309,View unique affixes
2309,Eye of Dominion (1)
2310,Tome of the Arcane Wastes
2311,Skull of Gul'Amash
2312,Wretched Tome of Nar'Adin
2313,Codex of Eternal Storms
2313,Codex of Eternal Storms (1)
2314,Consumption of Agrivix
2315,Invoker's Blaze
2316,Iskandra's Texts
2343,Double-Barrel Pistol (1)
2344,Hand Mortar (1)
2345,Shrapnel Pistol (1)
2355,Leander Greene's Hand Cannon
2356,Witchstalker
2356,Witchstalker (1)
2357,Orwell's Revolver
2358,Marauder's Fury
2359,Marauder's Justice
2360,The Slugger
2361,3rd Company's Revolver
2362,Mutiny
2363,Outlaw's Retribution
2364,Slime Bolter
2365,Soulflayer
2366,Plagueborne Revolver
2367,The Mediator
2368,Frigid Barrel of the Relentless North
2369,Burrwitch Peacekeeper
2370,Apothecary's Injector
2371,Oathbreaker
2372,Corpseflayer
2373,Earthscorcher
2374,Chillborer
2375,Empowered Leander Greene's Hand Cannon
2376,Empowered Witchstalker
2377,Empowered Orwell's Revolver
2377,Empowered Orwell's Revolver (1)
2378,Empowered Slugger
2379,Empowered 3rd Company's Revolver
2380,Empowered Mutiny
2381,Empowered Outlaw's Retribution
2382,Empowered Slime Bolter
2383,Empowered Soulflayer
2384,Empowered Plagueborne Revolver
2385,Empowered Marauder's Fury
2386,Empowered Marauder's Justice
2387,Empowered Apothecary's Injector
2388,Empowered Oathbreaker
2389,Deviltongue
2390,Havoc
2391,Exonerator
2392,Exterminus
2393,Arcanum Sigillis
2393,Arcanum Sigillis (1)
2394,Deathdealer's Sidearm
2395,Demonslayer's Life-Ender
2396,Barrelsmith's Salvo
2397,Barrelsmith's Crossfire
2436,Rotating Rifle (1)
2437,Frontloading Rifle (1)
2438,Shrapnel Gun (1)
2458,Boltspitter
2459,Malady
2460,Curse of Burrwitch
2461,The Huntsman
2462,The Eye
2462,The Eye (1)
2463,Blackwood Arbalest
2464,Hellmaw Shotgun
2465,Devil's Mark
2466,Frigid Quillbreath
2467,Stake-Thrower
2468,The Arachnid's Embrace
2469,Wretched Crow of Bysmiel
2470,Ulda'Jax
2470,Ulda'Jax (1)
2471,Will of Fate
2472,The Scarlet Marksman
2473,Salt-core Bolter
2474,Wrathbringer
2475,Thunderclap
2476,Sparkbolt Arbalest
2477,Sharpshooter's Bolt Rifle
2478,Brimstone Repeater
2479,Nar's Arcane Destroyer
2480,Warpbreath Arbalest
2481,Wrathsteel Repeater
2482,Flame Keeper's Repeater
2483,Empowered Boltspitter
2483,Empowered Boltspitter (1)
2484,Empowered Malady
2485,Empowered Curse of Burrwitch
2486,Empowered Blackwood Arbalest
2487,Empowered Frigid Quillbreath
2488,Empowered Stake-Thrower
2489,Empowered Arachnid's Embrace
2490,Empowered Sparkbolt Arbalest
2491,Empowered Huntsman
2492,Empowered Eye
2493,Empowered Hellmaw Shotgun
2494,Empowered Devil's Mark
2495,Empowered Will of Fate
2496,Empowered Scarlet Marksman
2497,Empowered Salt-core Bolter
2498,Empowered Brimstone Repeater
2499,Silverbolt
2500,Quillthrower of Dreeg
2501,The Northern Wyrm
2502,Raka'Jax
2502,Raka'Jax (1)
2503,The Adversary
2504,Witching Hour
2505,Hellborne
2506,Vortex of Souls
2507,Gutripper
2508,Harbinger of Eternal Suffering
2509,Ulzuin's Flamespreader
2510,Valdun's Rifle
2540,Brutal Great Axe (1)
2541,Brutal Carver (1)
2542,Brutal Decapitator (1)
2572,Gutwrench Eviscerator
2573,Massacre
2574,Slithbane
2575,Falcon's Claw
2576,Tremor
2576,Tremor (1)
2577,The Conduit
2578,Boneshard Lacerator
2579,Golemfist Gavel
2580,Wrathblade
2581,The Farmstead Liberator
2582,Alvarick's Rebuke
2583,Prismatic Eviscerator
2584,Razorleaf Glaive
2585,Scythe of Tenebris
2586,Warhammer of Heavenly Judgment
2587,Champion of the Light
2588,Wildcaller's Decapitator
2589,Shar'Zul's Furnace
2590,Wrathmourne
2591,Trollgut Eviscerator
2592,Blessed Cleaver of Mogdrogen
2593,Empowered Gutwrench Eviscerator
2594,Empowered Massacre
2595,Empowered Slithbane
2596,Empowered Falcon's Claw
2597,Empowered Tremor
2598,Empowered Conduit
2599,Empowered Boneshard Lacerator
2600,Empowered Golemfist Gavel
2601,Empowered Wrathblade
2602,Empowered Farmstead Liberator
2603,Empowered Alvarick's Rebuke
2604,Empowered Prismatic Eviscerator
2605,Shar'Zul's Incinerator
2606,Empowered Wildcaller's Decapitator
2607,Stonefist Rebuke
2608,The Guillotine
2609,Nightshade's Reach
2610,Obsidian Juggernaut
2611,Infernal Brimstone
2612,Stormreaver
2613,Bane of the Winter King
2614,Temporal Arcblade
2615,Wildblood Crusher
2616,Ultos' Stormseeker
2617,Leviathan
2617,Leviathan (1)
2651,Battle Shield (1)
2652,Siege Shield (1)
2653,Sovereign Shield (1)
2681,Defender of Devil's Crossing
2682,Spiriteater Bulwark
2683,Guardsman's Defender
2683,Guardsman's Defender (1)
2684,Flamebreaker
2685,Devil's Grin
2686,Maw of the Beast
2687,Crest of the Black Legion
2688,Lichguard
2689,Dawnshard Bulwark
2690,Templar's Faith
2691,Shield of Perdition
2692,Oathbreaker's Guard
2693,Elementium
2694,Ravna's Guard
2695,The Gladiator
2696,Blazeguard Arbiter
2697,Vanguard of the Legion
2698,Myrmidon's Guard
2699,Empowered Defender of Devil's Crossing
2699,Empowered Defender of Devil's Crossing (1)
2700,Empowered Spiriteater Bulwark
2701,Empowered Flamebreaker
2702,Empowered Elementium
2703,Empowered Devil's Grin
2704,Empowered Maw of the Beast
2705,Empowered Crest of the Black Legion
2705,Empowered Crest of the Black Legion (1)
2706,Empowered Lichguard
2707,Empowered Ravna's Guard
2708,Empowered Guardsman's Defender
2709,Empowered Shield of Perdition
2710,Empowered Oathbreaker's Guard
2711,Meat Shield
2712,The Final Stop
2713,The Untouchable
2714,Will of the Living
2715,Skybreach Bulwark
2716,Siegebreaker
2716,Siegebreaker (1)
2717,Zolhan's Revenge
2718,Dawnbreaker's Duty
2719,Markovian's Bulwark
2753,Honed Longsword (1)
2754,Honed Broadsword (1)
2755,Honed Conqueror (1)
2782,Lightning Rod
2783,Hound's Bite
2784,Omen
2784,Omen (1)
2785,Madness
2786,Blood Carver
2787,Bloodreaper's Claw
2788,Duelist's Sabre
2789,Magistrate's Censor
2790,Flamebrand
2791,Soulthief
2792,Chillblaze
2793,Spinecarver
2794,Assassin's Calling
2795,Razor of the Blind Assassin
2796,Stormseeker's Sabre
2797,Willie's Razor
2798,Bloodborn Sabre
2799,Empowered Lightning Rod
2800,Empowered Hound's Bite
2801,Empowered Omen
2801,Empowered Omen (1)
2802,Empowered Madness
2803,Empowered Blood Carver
2804,Empowered Willie's Razor
2805,Empowered Duelist's Sabre
2806,Empowered Magistrate's Censor
2807,Empowered Flamebrand
2808,Empowered Bloodreaper's Claw
2809,Crimson Spike
2810,Crystallum
2811,Grim Fate
2812,Mindwarp
2813,Beronath,Reforged
2813,Beronath,Reforged (1)
2814,Bloodsong
2815,Nex
2816,Ortus
2817,Deathmarked Claw
2818,Stormheart
2819,Reaver's Claw
2820,Mad Queen's Claw
2822,Aether Crystal (5)
2823,Aether Soul (1)
2824,Reinforced Shell (1)
2825,Aethersteel Bolts (1)
2826,Amber (1)
2827,Ballistic Plating (1)
2828,Battered Shell (1)
2829,Black Tallow (1)
2830,Blessed Steel (1)
2831,Bristly Fur (1)
2832,Chilled Steel (1)
2833,Chipped Claw (1)
2834,Coldstone (1)
2835,Consecrated Wrappings (1)
2836,Corpse Dust (1)
2837,Cracked Lodestone (1)
2838,Deathchill Bolts (1)
2839,Dense Fur (1)
2840,Ectoplasm (1)
2841,Roiling Blood (1)
2842,Enchanted Flint (1)
2843,Flintcore Bolts (1)
2844,Focusing Prism (1)
2845,Frozen Heart (1)
2846,Vitriolic Gallstone (1)
2847,Hell's Bane Ammo (1)
2848,Hollowed Fang (1)
2849,Imbued Silver (1)
2850,Leathery Hide (1)
2851,Mark of Illusions (1)
2852,Mark of the Traveler (1)
2853,Molten Skin (1)
2854,Mutagenic Ichor (1)
2855,Mutated Scales (1)
2856,Polished Emerald (1)
2857,Purified Salt (1)
2858,Radiant Gem (1)
2859,Serrated Shell (1)
2860,Resilient Plating (1)
2861,Restless Remains (1)
2862,Riftstone (1)
2863,Rigid Shell (1)
2864,Rotten Heart (1)
2865,Runestone (1)
2866,Sanctified Bone (1)
2867,Scaled Hide (1)
2868,Scavenged Plating (1)
2869,Searing Ember (1)
2870,Serrated Spike (1)
2871,Severed Claw (1)
2872,Silk Swatch (1)
2873,Soul Shard (1)
2874,Spined Carapace (1)
2875,Vengeful Wraith (1)
2876,Venom-Tipped Ammo (1)
2877,Vicious Jawbone (1)
2878,Vicious Spikes (1)
2879,Antivenom Salve (1)
2880,Void-Touched Ammo (1)
2881,Wardstone (1)
2882,Blessed Whetstone (1)
2883,Wrathstone (1)
2884,Ancient Armor Plate (1)
2885,Prismatic Diamond (1)
2886,Arcane Lens (1)
2887,Arcane Spark (1)
2888,Shard of Beronath (1)
2889,Bindings of Bysmiel (1)
2890,Bloody Whetstone (1)
2891,Chains of Oleron (1)
2892,Devil-Touched Ammo (1)
2893,Dread Skull (1)
2894,Hallowed Ground (1)
2895,Haunted Steel (1)
2896,Kilrian's Shattered Soul (1)
2897,Attuned Lodestone (1)
2898,Mark of Dreeg (1)
2899,Mark of Mogdrogen (1)
2900,Mark of the Myrmidon (1)
2901,Oleron's Blood (1)
2902,Silvercore Bolts (1)
2903,Spellwoven Threads (1)
2904,Symbol of Solael (1)
2905,Unholy Inscription (1)
2907,Elixir of Spirit (1)
2908,Tonic of Mending (1)
2916,Dynamite (3)
2937,Scrap (40)
2941,Gazer Man
7125,Blueprint: Cowl of the Venomblade
7126,Blueprint: Visage of the Black Flame
7127,Blueprint: Light's Defender Helm
7128,Blueprint: Infernal Knight's Faceguard
7129,Blueprint: Warborn Visor
7130,Blueprint: Bloodrager's Cowl
7131,Legion Mark of the Spellweaver
7132,Legion Mark of the Void
7133,Legion Mark of Blades
7134,Legion War Seal
7135,Legion Conjuration Seal
7136,Arcane Shard of Agrivix
7137,Bloodrager's Gem
7138,Infernal Knight's Girdle
7139,Light's Defender Gauntlets
7140,Cowl of the Venomblade
7140,Cowl of the Venomblade (1)
7141,Visage of the Black Flame
7141,Visage of the Black Flame (1)
7142,Light's Defender Helm
7142,Light's Defender Helm (1)
7143,Infernal Knight's Faceguard
7143,Infernal Knight's Faceguard (1)
7144,Warborn Visor
7144,Warborn Visor (1)
7145,Bloodrager's Cowl
7145,Bloodrager's Cowl (1)
7146,Mantle of the Black Flame
7147,Light's Defender Epaulets
7148,Infernal Knight's Pauldrons
7149,Mantle of Agrivix
7150,Warborn Pauldrons
7151,Bloodrager's Shoulderguard
7152,Stealth Jacket of the Venomblade
7153,Light's Defender Plate
7154,Infernal Knight's Jacket
7155,Vestments of Agrivix
7156,Warborn Chestguard
7157,Bloodrager's Coat
7158,Fist of the Venomblade
7159,Warborn Gavel
7160,Blade of the Black Flame
7161,Orb of the Black Flame
7162,Codex of Agrivix
7163,Razor of the Venomblade
7194,Scepter of Aldritch
7195,Decree of Aldritch
7204,Alkamos' Touch of Dread
7205,Alkamos' Touch of Anguish
7207,Soulrend
7208,Shar'Zul's Worldeater
7213,Blueprint: Intrepid Warboots
7214,Blueprint: Stoneplate Greaves
7215,Blueprint: Stormherald's Visage
7216,Blueprint: Mythical Bounty Hunter's Shoulderguard
7217,Blueprint: Dreadwalker Cowl
7218,Blueprint: Luminari Hat
7219,Blueprint: Mythical Magelord's Greaves
7220,Blueprint: Mythical Rifthound Leather Boots
7221,Blueprint: Mythical Soul's Touch
7222,Blueprint: Mythical Quickdraw Gloves
7223,Blueprint: Mythical Spellweave Legwraps
7224,Blueprint: Mythical Amarastan Pauldrons
7225,Blueprint: Mythical Nighthunter's Chestguard
7226,Blueprint: Mythical Doomforged Breastplate
7227,Blueprint: Mythical Cowl of the Blind Assassin
7228,Blueprint: Mythical Sharpshooter's Glass Eye
7229,Blueprint: Mythical Unholy Visage of the Covenant
7230,Blueprint: Mythical Dawnguard Helm
7231,Blueprint: Mythical Flame Keeper's Jacket
7232,Blueprint: Mythical Callidor's Vestments
7233,Blueprint: Mythical Myrmidon Visor
7234,Blueprint: Mythical Cowl of Mogdrogen
7235,Blueprint: Mythical Blazeborn Mantle
7236,Blueprint: Mythical Stormweave Armor
7237,Blueprint: Avenger's Armor
7238,Blueprint: Allagast's Robe
7239,Blueprint: Mythical Windshear Greaves
7240,Blueprint: Mythical Footpads of the Grey Magi
7241,Blueprint: Mythical Wyrmbone Handguards
7242,Blueprint: Mythical Iceskorn Talons
7243,Blueprint: Mythical Arcane Harmony Leggings
7244,Blueprint: Mythical Pretty Great Pants
7245,Blueprint: Mythical Titan Pauldrons
7246,Blueprint: Mythical Vileblood Mantle
7247,Blueprint: Mythical Dread Armor of Azragor
7248,Blueprint: Mythical Divinesteel Hauberk
7249,Blueprint: Mythical Maw of Despair
7250,Blueprint: Mythical Dread-Mask of Gurgoth
7251,Blueprint: Mythical Whisperer of Secrets
7252,Blueprint: Mythical Abyssal Mask
7253,Blueprint: Mythical Circlet of the Great Serpent
7254,Blueprint: Mythical Mask of Infernal Truth
7255,Blueprint: Mythical Faceguard of Justice
7256,Blueprint: Mythical Beastcaller Cowl
7257,Blueprint: Mythical Mask of the Harbinger
7258,Blueprint: Necrolord's Gaze
7259,Blueprint: Venomancer's Guile
7260,Blueprint: Spellgaze
7261,Blueprint: Wyrmbone Mask
7262,Blueprint: Mythical Necrolord's Gaze
7263,Blueprint: Mythical Venomancer's Guile
7264,Blueprint: Mythical Spellgaze
7265,Blueprint: Mythical Wyrmbone Mask
7266,Blueprint: Voice of Dreeg
7267,Blueprint: Mythical Demonslayer's Hat
7268,Blueprint: Gaze of Empyrion
7269,Blueprint: Mask of Lost Souls
7270,Blueprint: Visor of Octavius
7271,Blueprint: Korba's Hood
7272,Blueprint: Darkblaze Headguard
7273,Blueprint: Spellscourge Visor
7274,Blueprint: Mageslayer's Hood
7275,Blueprint: Valguur's Gems
7276,Blueprint: Mythical Clairvoyant's Hat
7277,Blueprint: Runebinder's Hat
7278,Blueprint: Uroboruuk's Visage
7279,Blueprint: Dagallon's Faceguard
7280,Blueprint: Deathguard Hood
7281,Blueprint: Diviner's Mask
7282,Blueprint: Belgothian's Mask
7283,Blueprint: Mythical Markovian's Visor
7284,Blueprint: Mythical Ulzuin's Headguard
7285,Blueprint: Mythical Hood of Dreeg
7286,Blueprint: Mythical Deathmarked Hood
7287,Blueprint: Mythical Iskandra's Hood
7288,Blueprint: Mythical Ultos' Hood
7289,Blueprint: Mythical Crown of the Winter King
7290,Blueprint: Mythical Trozan's Hat
7291,Blueprint: Mythical Valdun's Hat
7292,Blueprint: Eldritch Gaze
7293,Blueprint: Covenant of the Three
7294,Blueprint: Mythical Cowl of the Venomblade
7295,Blueprint: Mythical Visage of the Black Flame
7296,Blueprint: Mythical Light's Defender Helm
7297,Blueprint: Mythical Infernal Knight's Faceguard
7298,Blueprint: Mythical Warborn Visor
7299,Blueprint: Mythical Bloodrager's Cowl
7300,Blueprint: Bladed Plating
7301,Blueprint: Blazing Ruby
7302,Blueprint: Bloodied Crystal
7303,Blueprint: Enchanted Earth
7304,Blueprint: Runebound Topaz
7305,Blueprint: Seal of Blades
7306,Blueprint: Seal of Blight
7307,Blueprint: Seal of Corruption
7308,Blueprint: Seal of Destruction
7309,Blueprint: Seal of Might
7310,Blueprint: Seal of the Night
7311,Blueprint: Seal of Resonance
7312,Blueprint: Seal of Shadows
7313,Blueprint: Seal of Skies
7314,Blueprint: Seal of the Void
7315,Blueprint: Spellscorched Plating
7316,Blueprint: Tainted Heart
7317,Blueprint: Ugdenbog Leather
7318,Blueprint: Eldritch Mirror
7319,Blueprint: Living Armor
7320,Blueprint: Sacred Plating
7321,Blueprint: Seal of Ancestry
7322,Blueprint: Seal of Annihilation
7323,Blueprint: Titan Plating
7324,Blueprint: Mark of Lethal Intents
7325,Blueprint: Aetherbolt Pendant
7326,Blueprint: The Overseer
7327,Blueprint: Heart of Malmouth
7328,Blueprint: Mark of the Voracious One
7329,Blueprint: Reaver's Hunger
7330,Blueprint: Coven Vile Waistguard
7331,Blueprint: Coven Vile Girdle
7332,Blueprint: Coven Lethal Waistguard
7333,Blueprint: Coven Lethal Girdle
7334,Blueprint: Malmouth Bladed Waistguard
7335,Blueprint: Malmouth Bladed Girdle
7336,Blueprint: Malmouth Arcane Waistguard
7337,Blueprint: Malmouth Arcane Girdle
7338,Blueprint: Wendigo Tainted Waistguard
7339,Blueprint: Wendigo Tainted Girdle
7340,Blueprint: Wendigo Warder Waistguard
7341,Blueprint: Wendigo Warder Girdle
7342,Blueprint: Witch Moon
7343,Blueprint: Hex Launcher
7344,Blueprint: Blazerush
7345,Blueprint: Hexflame
7346,Blueprint: Redeemer of Malmouth
7347,Blueprint: The Desolator
7348,Blueprint: Stormbringer of Malmouth
7349,Blueprint: Wrathguard
7350,Blueprint: Howl of the Wendigo
7351,Blueprint: Claw of Hagaraz
7352,Blueprint: Nimble Crest
7353,Blueprint: Watcher Crest
7354,Blueprint: Trollheart Waistguard
7355,Blueprint: Puppetmaster Links
7356,Blueprint: Stoneplate Waistguard
7357,Blueprint: Mythical Serenity Stone
7358,Blueprint: Runefather's Gem
7359,Blueprint: Sanguinus
7360,Blueprint: Mythical Sanctus Crest
7361,Blueprint: Mythical Widow's Sting
7362,Blueprint: Mythical Shard of Command
7363,Blueprint: Mythical Amulet of Scorched Earth
7364,Blueprint: Mythical Chains of Anguish
7365,Blueprint: Mythical Alchemist's Belt
7366,Blueprint: Mythical Volcanum
7367,Blueprint: Mythical Combat Medic's Mark
7368,Blueprint: Mythical Amarastan Sigil
7369,Blueprint: Mythical Goliath Signet
7370,Blueprint: Mythical Ruby of Elemental Balance
7371,Blueprint: Mythical Sapphire of Elemental Balance
7372,Blueprint: Mythical Stormseer Sapphire
7373,Blueprint: Mythical Pack of Treacherous Means
7374,Blueprint: Cinderplate Girdle
7375,Blueprint: Mark of Kalastor
7376,Blueprint: Mark of Consumption
7377,Blueprint: Reign of Ice and Fire
7378,Blueprint: Stoneguard Waistguard
7379,Blueprint: Aegis Waistguard
7380,Blueprint: Mythical Avatar of Mercy
7381,Blueprint: Mythical Pestilence of Dreeg
7382,Blueprint: Mythical Avenger of Cairn
7383,Blueprint: Mythical Tinker's Ingenuity
7384,Blueprint: Mythical Hammerfall Girdle
7385,Blueprint: Mythical Sash of the Immortal Sage
7386,Blueprint: Mythical Mark of Dark Dreams
7387,Blueprint: Mythical Mark of Anathema
7388,Blueprint: Mythical Glyph of Kalphat'Zoth
7389,Blueprint: Mythical Time-Flux Band
7390,Blueprint: Mythical Band of the Eternal Haunt
7391,Blueprint: Cataclysm's Pact
7393,Aetherial Missive
7394,Aetherial Mutagen
7395,Wendigo Spirit
7396,Blueprint: Relic - Gluttony
7397,Blueprint: Relic - Specter
7398,Blueprint: Relic - Fervor
7399,Blueprint: Relic - Fortitude
7400,Blueprint: Relic - Hysteria
7401,Blueprint: Relic - Mortality
7402,Blueprint: Relic - Vendetta
7403,Blueprint: Relic - Impurity
7404,Blueprint: Relic - Vengeance
7405,Blueprint: Relic - Dirge of Arkovia
7406,Blueprint: Relic - Bane
7407,Blueprint: Relic - Doom
7408,Blueprint: Relic - Korvaak's Deception
7409,Blueprint: Relic - Eldritch Pact
7410,Blueprint: Relic - Nidalla's Outbreak
7411,Blueprint: Relic - Eternity
7412,Blueprint: Relic - Massacre
7413,Blueprint: Relic - Uroboruuk's Reaping
7414,Blueprint: Relic - Ignaffar's Combustion
7415,Blueprint: Relic - Mogdrogen's Ardor
7416,Blueprint: Stormsurge Pistol
7417,Blueprint: Flamewarder Rifle
7418,Blueprint: Bloodspill Cleaver
7419,Blueprint: Gutcrush Warmaul
7420,Blueprint: Stonewall Defender
7421,Blueprint: Spellshock Tome
7422,Blueprint: Smoldering Effigy
7423,Blueprint: Rime-Rotten Wand
7424,Blueprint: Deathborne Scepter
7425,Blueprint: The Dissenter
7426,Blueprint: Mythical Aldur's Inquisition
7427,Blueprint: Cosmic Torrent
7428,Blueprint: Rageflame Spellblade
7429,Blueprint: Mythical Burrwitch Peacekeeper
7430,Blueprint: Mythical Hellmaw Shotgun
7431,Blueprint: Mythical Doomsaw of Gluttony
7432,Blueprint: Mythical Blessed Torch
7433,Blueprint: Mythical Duelist's Sabre
7434,Blueprint: Mythical Wrathmourne
7435,Blueprint: Mythical Hellrune Carver
7436,Blueprint: Mythical Tainted Blade of Nera'Val
7437,Blueprint: Mythical Lichguard
7438,Blueprint: Mythical Banshee's Misery
7439,Blueprint: Cindercore
7440,Blueprint: Venomlance
7441,Blueprint: Mythical Edge of Death
7442,Blueprint: Mythical Chillflame Evoker
7443,Blueprint: Mythical Deathdealer's Sidearm
7444,Blueprint: Mythical Northern Wyrm
7445,Blueprint: Mythical Vortex of Souls
7446,Blueprint: Mythical Crescent Moon
7447,Blueprint: Mythical Plaguebearer of Dreeg
7448,Blueprint: Mythical Beronath,Reforged
7449,Blueprint: Mythical Stormreaver
7450,Blueprint: Mythical Temporal Arcblade
7451,Blueprint: Mythical Shard of Asterkarn
7452,Blueprint: Mythical Fang of Ch'thon
7453,Blueprint: Mythical Zolhan's Revenge
7454,Blueprint: Mythical Blood Orb of Ch'thon
7455,Blueprint: Mythical Wretched Tome of Nar'adin
7463,Aetherial Missive (10)
7464,Aetherial Mutagen (10)
7465,Ugdenbloom (5)
7466,Wendigo Spirit (10)
7550,Coven Mark of Blades
7551,Coven Mark of the Arcane
7552,Malmouth Badge of Desecration
7553,Malmouth Badge of the Elements
7554,Wendigo Tainted Mark
7555,Wendigo Defender's Mark
7556,Mark of Lethal Intents
7556,Mark of Lethal Intents (1)
7557,The Overseer
7557,The Overseer (1)
7558,Mark of the Voracious One
7558,Mark of the Voracious One (1)
7559,Coven Darkener Pendant
7560,Coven Manipulator Pendant
7561,Coven Blade Pendant
7562,Malmouth Stormbinder Pendant
7563,Malmouth Warped Pendant
7564,Malmouth Defender Pendant
7565,Wendigo Vile Pendant
7566,Wendigo Sky Pendant
7567,Aetherbolt Pendant
7567,Aetherbolt Pendant (1)
7568,Heart of Malmouth
7568,Heart of Malmouth (1)
7569,Reaver's Hunger
7569,Reaver's Hunger (1)
7570,Coven Storm Seal
7571,Coven Sky Seal
7572,Coven Defender Seal
7573,Malmouth Arcane Seal
7574,Malmouth Blade Seal
7575,Malmouth Aetherblaze Seal
7576,Wendigo Warped Seal
7577,Wendigo Oppressor Seal
7578,Coven Vile Waistguard (1)
7579,Coven Vile Girdle (1)
7580,Coven Lethal Waistguard (1)
7581,Coven Lethal Girdle (1)
7582,Malmouth Bladed Waistguard (1)
7583,Malmouth Bladed Girdle (1)
7584,Malmouth Arcane Waistguard (1)
7585,Malmouth Arcane Girdle (1)
7586,Wendigo Tainted Waistguard (1)
7587,Wendigo Tainted Girdle (1)
7588,Wendigo Warder Waistguard (1)
7589,Wendigo Warder Girdle (1)
7590,Outcast's Hood
7699,Coven Cleaver
7700,Coven Axe
7701,Wendigo Cleaver
7702,Witch Moon
7702,Witch Moon (1)
7703,Malmouth Warhammer
7704,Malmouth Mace
7705,Wendigo Mace
7706,Howl of the Wendigo
7706,Howl of the Wendigo (1)
7707,Coven Aetherspark
7708,Coven Biletouch
7709,Coven Spellweaver
7710,Malmouth Flamecaster
7711,Malmouth Stormcaster
7712,Malmouth Chillbearer
7713,Wendigo Blooddrinker
7714,Wendigo Chaosweaver
7715,Wendigo Aetherweaver
7716,Hexflame
7716,Hexflame (1)
7717,Claw of Hagaraz
7717,Claw of Hagaraz (1)
7718,Coven Vile Effigy
7719,Coven Arcane Effigy
7720,Coven Venom Effigy
7721,Malmouth Void Tome
7722,Malmouth Corrupted Tome
7723,Malmouth Infernal Tome
7724,Wendigo Life Effigy
7725,Wendigo Chilling Effigy
7726,Wendigo Caustic Effigy
7727,Stormbringer of Malmouth
7727,Stormbringer of Malmouth (1)
7728,Coven Handcannon
7729,Coven Venomlauncher
7730,Wendigo Repeater
7731,Hex Launcher
7731,Hex Launcher (1)
7732,Malmouth Carbine
7733,Malmouth Rifle
7734,Wendigo Stakethrower
7735,The Desolator
7735,The Desolator (1)
7736,Coven Headcrusher
7737,Malmouth Greatsword
7738,Wendigo Decapitator
7739,Blazerush
7739,Blazerush (1)
7740,Coven Protector
7741,Malmouth Defender
7742,Wendigo Spiritguard
7743,Malmouth Slicer
7744,Malmouth Blade
7745,Wendigo Claw
7746,Redeemer of Malmouth
7746,Redeemer of Malmouth (1)
7785,Nimble Crest (1)
7786,Watcher Crest (1)
7787,Solemn Mark
7788,Mark of Impurity
7789,Mark of Forgotten Spirits
7790,Mark of Broken Oaths
7791,Vaultkeeper's Mark
7792,Sanctus Crest
7793,Empowered Solemn Mark
7794,Empowered Mark of Broken Oaths
7795,Mythical Solemn Mark
7796,Mythical Mark of Impurity
7797,Mythical Mark of Forgotten Spirits
7798,Mythical Mark of Broken Oaths
7799,Mythical Vaultkeeper's Mark
7800,Mythical Sanctus Crest
7800,Mythical Sanctus Crest (1)
7801,Mark of Infernal Misery
7802,Mark of Stone Will
7803,Blazeseer Crest
7804,Luminari Commendation
7805,Mark of the Dreadblade
7806,Dreadchill Mark
7807,Rotdrinker Crest
7808,Gildam Arcanum Commendation
7809,Serenir's Commendation
7810,Mark of Kalastor
7811,Mythical Mark of the Dreadblade
7812,Mythical Dreadchill Mark
7813,Mythical Rotdrinker Crest
7814,Mythical Gildam Arcanum Commendation
7815,Mythical Serenir's Commendation
7816,Mythical Mark of Kalastor
7816,Mythical Mark of Kalastor (1)
7817,Mark of Ulzuin
7818,Mark of Consumption
7818,Mark of Consumption (1)
7829,Whispers of the Dead
7830,Dismember Stone
7831,Withered Heart
7832,Serenity Stone
7833,Weeping Ruby
7834,Runed Topaz of Gillad
7835,Empowered Whispers of the Dead
7836,Empowered Serenity Stone
7837,Mythical Whispers of the Dead
7838,Mythical Dismember Stone
7839,Mythical Withered Heart
7840,Mythical Serenity Stone
7840,Mythical Serenity Stone (1)
7841,Mythical Weeping Ruby
7842,Mythical Runed Topaz of Gillad
7843,Aspirant's Ward
7844,Runefather's Gem
7844,Runefather's Gem (1)
7845,Soulcatcher
7846,Flames of Wrath
7847,Vigar's Hunger
7848,Tainted Ruby of Gar'dal
7849,Executioner's Judgement
7850,Stormseer Sapphire
7851,Mythical Soulcatcher
7852,Mythical Flames of Wrath
7853,Mythical Vigar's Hunger
7854,Mythical Tainted Ruby of Gar'dal
7855,Mythical Executioner's Judgement
7856,Mythical Stormseer Sapphire
7856,Mythical Stormseer Sapphire (1)
7858,Shard of the Eternal Flame
7859,Shard of Lost Souls
7860,Cataclysm's Catalyst
7861,Stoneguard Ward
7862,Darkblaze Source
7863,Spellscourge Deflector
7864,Mageslayer's Protector
7865,Runebinder's Gem
7866,Uroboruuk's Eye
7892,Cursebearer
7893,Wraithstalker Band
7894,Rotmender's Ring
7895,Signet of the Runefather
7896,Signet of Astral Ruminations
7897,Widow's Sting
7898,Empowered Cursebearer
7899,Empowered Signet of the Runefather
7900,Mythical Cursebearer
7901,Mythical Wraithstalker Band
7902,Mythical Rotmender's Ring
7903,Mythical Signet of the Runefather
7904,Mythical Signet of Astral Ruminations
7905,Mythical Widow's Sting
7905,Mythical Widow's Sting (1)
7906,Nightscorn
7907,Hysteria
7908,Blazeseer Signet
7909,Magelord Signet
7910,Magelord Band
7911,Deathlord's Band
7912,Spiritbinder Glyph
7913,Voidwhisper Band
7914,Combustion Band
7915,Jaxxon's Lucky Bullet
7916,Reign of Ice and Fire
7917,Mythical Deathlord's Band
7918,Mythical Spiritbinder Glyph
7919,Mythical Voidwhisper Band
7920,Mythical Combustion Band
7921,Mythical Jaxxon's Lucky Bullet
7922,Mythical Reign of Ice and Fire
7922,Mythical Reign of Ice and Fire (1)
7923,Bladetwister Signet
7924,Voidheart
7925,Allagast's Stormgem
7926,Deathguard Sigil
7955,Trollheart Waistguard (1)
7956,Puppetmaster Links (1)
7957,Stoneplate Waistguard (1)
7958,Spitewraith Girdle
7959,Soulweave Girdle
7960,Shadowfiend's Cord
7961,Star Seer's Cord
7962,Chains of the Hungering Void
7963,Arcanoweave Cord
7964,Empowered Spitewraith Girdle
7965,Empowered Star Seer's Cord
7966,Mythical Spitewraith Girdle
7967,Mythical Soulweave Girdle
7968,Mythical Shadowfiend's Cord
7969,Mythical Star Seer's Cord
7970,Mythical Chains of the Hungering Void
7971,Mythical Arcanoweave Cord
7972,Scorchbearer Sash
7973,Sanguinus
7973,Sanguinus (1)
7974,Blazeseer Girdle
7975,Cord of Violent Decay
7976,Gladiator's Distinction
7977,Spiritseeker Cord
7978,Pack of Treacherous Means
7979,Cord of Deception
7980,Scales of Beronath
7981,Mythical Cord of Violent Decay
7982,Mythical Gladiator's Distinction
7983,Mythical Spiritseeker Cord
7984,Mythical Pack of Treacherous Means
7984,Mythical Pack of Treacherous Means (1)
7985,Mythical Cord of Deception
7986,Mythical Scales of Beronath
7987,Cinderplate Girdle
7987,Cinderplate Girdle (1)
7988,Lacerator Girdle
7989,Avenger's Girdle
7990,Cataclysm's Pact
7990,Cataclysm's Pact (1)
7991,Stoneguard Girdle
7991,Stoneguard Girdle (1)
7992,Aegis Waistguard
7992,Aegis Waistguard (1)
7993,Darkblaze Ammo Belt
7998,Intrepid Warboots (1)
7999,Stoneplate Greaves (1)
8000,Grim Harvest Boots
8001,Deadwalker Footpads
8002,Sellecor's March
8003,Emberstone Treads
8004,Empowered Grim Harvest Boots
8005,Empowered Sellecor's March
8006,Mythical Grim Harvest Boots
8007,Mythical Deadwalker Footpads
8008,Mythical Sellecor's March
8009,Mythical Emberstone Treads
8010,Stormstep Footguards
8011,Fiendflesh Greaves
8012,Greaves of Ill Omens
8013,Timewarped Walkers
8014,Runeguard Greaves
8015,Mythical Fiendflesh Greaves
8016,Mythical Greaves of Ill Omens
8017,Mythical Timewarped Walkers
8018,Mythical Runeguard Greaves
8019,Galewind Treads
8020,Stormbearers
8025,Haruud's Frigid Grip
8026,Touch of Command
8027,Runesinged Handguards
8028,Purging Touch
8029,Empowered Haruud's Frigid Grip
8030,Empowered Runesinged Handguards
8031,Mythical Haruud's Frigid Grip
8032,Mythical Touch of Command
8033,Mythical Runesinged Handguards
8034,Mythical Purging Touch
8035,Bloodrite Gauntlets
8036,Riftwarped Grasp
8037,Overlord's Iron Grip
8038,Gauntlets of Ignaffar
8039,Chilling Grip of Hagarrad
8040,Mythical Riftwarped Grasp
8041,Mythical Overlord's Iron Grip
8042,Mythical Gauntlets of Ignaffar
8043,Mythical Chilling Grip of Hagarrad
8044,The Crimson Claws
8045,Cindertouch
8046,Mageslayer's Armguard
8047,Valguur's Touch
8097,Wreath of Souls
8098,Rotmender's Hat
8099,Purging Gaze
8100,Bounty Hunter's Hat
8101,Horns of Ekket'Zul
8102,Soulless Gaze
8103,Tainted Gaze
8104,Ravager's Gaze
8105,Ravager's Gaze
8106,Ravager's Gaze
8107,Corruptor's Mask
8108,Silver Sentinel's Mask
8109,Mythical Wreath of Souls
8110,Mythical Rotmender's Hat
8111,Mythical Purging Gaze
8112,Mythical Bounty Hunter's Hat
8113,Stormherald's Visage
8113,Stormherald's Visage (1)
8114,Horns of Ekket'Zul
8115,Soulless Gaze
8116,Tainted Gaze
8117,Ravager's Gaze
8118,Ravager's Gaze
8119,Ravager's Gaze
8120,Dreadwalker Cowl
8120,Dreadwalker Cowl (1)
8121,Luminari Hat
8121,Luminari Hat (1)
8122,Necrolord's Gaze
8122,Necrolord's Gaze (1)
8123,Venomancer's Guile
8123,Venomancer's Guile (1)
8124,Spellgaze
8124,Spellgaze (1)
8125,Wyrmbone Mask
8125,Wyrmbone Mask (1)
8126,Mythical Necrolord's Gaze
8126,Mythical Necrolord's Gaze (1)
8127,Mythical Venomancer's Guile
8127,Mythical Venomancer's Guile (1)
8128,Mythical Spellgaze
8128,Mythical Spellgaze (1)
8129,Mythical Wyrmbone Mask
8129,Mythical Wyrmbone Mask (1)
8130,Voice of Dreeg
8130,Voice of Dreeg (1)
8131,Gaze of Empyrion
8131,Gaze of Empyrion (1)
8132,Ravager's Dreadgaze
8133,Ravager's Dreadgaze
8134,Ravager's Dreadgaze
8135,Mask of Lost Souls
8135,Mask of Lost Souls (1)
8136,Visor of Octavius
8136,Visor of Octavius (1)
8137,Korba's Hood
8137,Korba's Hood (1)
8138,Darkblaze Headguard
8138,Darkblaze Headguard (1)
8139,Spellscourge Visor
8139,Spellscourge Visor (1)
8140,Mageslayer's Hood
8140,Mageslayer's Hood (1)
8141,Valguur's Gems
8141,Valguur's Gems (1)
8142,Runebinder's Hat
8142,Runebinder's Hat (1)
8143,Uroboruuk's Visage
8143,Uroboruuk's Visage (1)
8144,Dagallon's Faceguard
8144,Dagallon's Faceguard (1)
8145,Deathguard Hood
8145,Deathguard Hood (1)
8146,Diviner's Mask
8146,Diviner's Mask (1)
8147,Belgothian's Mask
8147,Belgothian's Mask (1)
8188,Scorchrune Legwraps
8189,Dreadrune Legguards
8190,Shadoweave Leggings
8191,Runeward Legguards
8192,Empowered Scorchrune Legwraps
8193,Empowered Shadoweave Leggings
8194,Mythical Scorchrune Legwraps
8195,Mythical Dreadrune Legguards
8196,Mythical Shadoweave Leggings
8197,Mythical Runeward Legguards
8198,Spellstalker's Legwraps
8199,Wendigomane Leggings
8200,Dread Knight's Legplates
8201,Runeplates of Ignaffar
8202,Mageguard Legguards
8203,Mythical Wendigomane Leggings
8204,Mythical Dread Knight's Legplates
8205,Mythical Runeplates of Ignaffar
8206,Mythical Mageguard Legguards
8207,Venomskin Legwraps
8208,Feralmane Legplates
8209,Gluttony
8209,Gluttony (1)
8210,Specter
8210,Specter (1)
8211,Fervor
8211,Fervor (1)
8212,Fortitude
8212,Fortitude (1)
8213,Hysteria
8213,Hysteria (1)
8214,Mortality
8214,Mortality (1)
8215,Vendetta
8215,Vendetta (1)
8216,Impurity
8216,Impurity (1)
8217,Vengeance
8217,Vengeance (1)
8218,Dirge of Arkovia
8218,Dirge of Arkovia (1)
8219,Bane
8219,Bane (1)
8220,Doom
8220,Doom (1)
8221,Korvaak's Deception
8221,Korvaak's Deception (1)
8222,Eldritch Pact
8222,Eldritch Pact (1)
8223,Nidalla's Outbreak
8223,Nidalla's Outbreak (1)
8224,Eternity
8224,Eternity (1)
8225,Massacre
8225,Massacre (1)
8226,Uroboruuk's Reaping
8226,Uroboruuk's Reaping (1)
8227,Ignaffar's Combustion
8227,Ignaffar's Combustion (1)
8228,Mogdrogen's Ardor
8228,Mogdrogen's Ardor (1)
8271,Wraithcaller's Mantle
8272,Wraith Knight's Pauldrons
8273,Stormscorched Shoulderguards
8274,Bounty Hunter's Shoulderguards
8275,Corruptor's Mantle
8276,Silver Sentinel's Shoulderguard
8277,Mythical Wraithcaller's Mantle
8278,Mythical Wraith Knight's Pauldrons
8279,Mythical Stormscorched Shoulderguards
8280,Mythical Bounty Hunter's Shoulderguards
8280,Mythical Bounty Hunter's Shoulderguards (1)
8281,Spellstalker's Mantle
8282,Mythical Corruptor's Mantle
8283,Mythical Silver Sentinel's Shoulderguard
8284,Lifeblaze Mantle
8285,Dread Knight's Guard
8286,The Cortosian Scrolls
8287,Blazeborn Mantle
8288,Mythical Lifeblaze Mantle
8289,Mythical Dread Knight's Guard
8290,Mythical Cortosian Scrolls
8291,Mythical Blazeborn Mantle
8291,Mythical Blazeborn Mantle (1)
8292,Venomtongue Mantle
8293,Embercore Shoulderguard
8294,Avenger's Pauldrons
8295,Mantle of Lost Souls
8296,Pauldrons of Octavius
8297,Spellscourge Vanguard
8298,Mageslayer's Shoulderguard
8299,Runebinder's Shoulderguard
8300,Uroboruuk's Mantle
8301,Allagast's Mantle
8302,Diviner's Mantle
8303,Belgothian's Shoulderguard
8304,Deathguard Mantle
8351,Deathbringer Raiment
8352,Darkflame Chestguard
8353,Astral Robes
8354,High Consillar's Coat
8355,Corruptor's Robe
8356,Silver Sentinel's Armor
8357,Mythical Deathbringer Raiment
8358,Mythical Darkflame Chestguard
8359,Mythical Astral Robes
8360,Mythical High Consillar's Coat
8361,Infector's Shade
8362,Mythical Corruptor's Robe
8363,Mythical Silver Sentinel's Armor
8364,Dreadwalker Raiment
8365,Luminari Jacket
8366,Venomancer's Raiment
8367,Necrolord's Shroud
8368,Rune Armor of Ignaffar
8369,Stormweave Armor
8370,Mythical Venomancer's Raiment
8371,Mythical Necrolord's Shroud
8372,Mythical Rune Armor of Ignaffar
8373,Mythical Stormweave Armor (1)
8373,Mythical Stormweave Armor
8374,Fateweaver's Raiment
8375,Gildor's Guard
8376,Avenger's Armor
8376,Avenger's Armor (1)
8377,Platemail of Octavius
8378,Korba's Furs
8379,Valguur's Raiment
8380,Runebinder's Armor
8381,Uroboruuk's Robes
8382,Allagast's Robe
8382,Allagast's Robe (1)
8383,Dagallon's Armor
8384,Deathguard Shroud
8385,Diviner's Raiment
8386,Belgothian's Armor
8409,Bloodspill Cleaver (1)
8410,Halvor's Skinner
8411,Ravager's Bite
8412,Mythical Ravager's Bite
8413,Nightclaw
8414,Edge of Sanity
8415,Korba's Decapitator
8416,Korba's Frenzy
8443,Deadbeater
8444,Empowered Deadbeater
8445,Mythical Deadbeater
8446,Malakor's Infusion
8447,Mythical Malakor's Infusion
8448,Amarastan Crusher
8449,The Pummeler
8450,Stoneguard Pummeler
8504,Rime-Rotten Wand (1)
8505,Deathborne Scepter (1)
8506,Ravager's Barb
8507,Jaravuuk's Bite
8508,Ulzaad's Channeler
8509,Arcane Storm Evoker
8510,Finger of Gar'Dalvur
8511,Empowered Ravager's Barb
8512,Empowered Arcane Storm Evoker
8513,Mythical Ravager's Barb
8514,Mythical Jaravuuk's Bite
8515,Mythical Ulzaad's Channeler
8516,Mythical Arcane Storm Evoker
8517,Mythical Finger of Gar'Dalvur
8518,Rageflame Spellblade
8518,Rageflame Spellblade (1)
8519,Cyclonic Invoker
8520,Dreadwalker Carver
8521,Scepter of Malmouth
8522,Scepter of Malmouth
8523,Dreadfire
8524,Valepiercer
8525,Dreadweaver
8526,Chillflame Evoker
8527,Rune of Elgoloth
8528,Spelldrinker
8529,Mythical Dreadfire
8530,Mythical Valepiercer
8531,Mythical Dreadweaver
8532,Mythical Chillflame Evoker
8532,Mythical Chillflame Evoker (1)
8533,Mythical Rune of Elgoloth
8534,Mythical Spelldrinker
8535,Pandemic
8536,Spark of Reality
8537,Beacon of Lost Souls
8538,Allagast's Stormbinder
8539,Deathguard Blade
8540,Decree of Malmouth
8541,Decree of Malmouth
8619,Spellshock Tome (1)
8620,Smoldering Effigy (1)
8633,Padala's Will
8634,Virulent Maw
8635,Codex of Malligosta
8636,Word of Inquisitor Abalon
8637,Tome of Frigid Winds
8638,Empowered Padala's Will
8639,Empowered Word of Inquisitor Abalon
8640,Mythical Padala's Will
8641,Mythical Virulent Maw
8642,Mythical Codex of Malligosta
8643,Mythical Word of Inquisitor Abalon
8644,Mythical Tome of Frigid Winds
8645,Helltome
8646,Sphere of Many Blades
8647,Dreadwalker Tome
8648,Reaper of the Accursed
8649,Contagion
8650,Fiendgaze Tome
8651,Codex of Truths
8652,Ixillor's Rageflame
8653,Mythical Reaper of the Accursed
8654,Mythical Contagion
8655,Mythical Fiendgaze Tome
8656,Mythical Codex of Truths
8657,Mythical Ixillor's Rageflame
8658,Farath's Cube
8659,Hellscourge
8660,Cataclysm's Eye
8661,Valguur's Focus
8662,Uroboruuk's Effigy
8663,Diviner's Codex
8680,Stormsurge Pistol (1)
8681,The Dissenter
8681,The Dissenter (1)
8682,Aldur's Inquisition
8683,Core of Galgabor
8684,Empowered The Dissenter
8685,Empowered Aldur's Inquisition
8686,Mythical Dissenter
8687,Mythical Aldur's Inquisition
8687,Mythical Aldur's Inquisition (1)
8688,Stormlauncher of Ultos
8689,Luminari Sidearm
8690,Morguul's Mortality
8691,Anderos' Amplifier
8692,Arcanum Electrollis
8693,Mythical Morguul's Mortality
8694,Mythical Anderos' Amplifier
8695,Mythical Arcanum Electrollis
8696,Cindercore
8696,Cindercore (1)
8697,Aegis Revolver
8698,Darkblaze Incinerator
8699,Dagallon's Destroyer
8700,Dagallon's Annihilator
8701,Hagarradian Enforcer
8702,Mythical Hagarradian Enforcer
8739,Flamewarder Rifle (1)
8740,The Interrogator
8741,Spirit Cannon
8742,Burning Purifier
8743,Empowered Interrogator
8744,Empowered Spirit Cannon
8745,Amarastan Bladethrower
8746,Mythical Interrogator
8747,Mythical Spirit Cannon
8748,Mythical Burning Purifier
8749,Cosmic Torrent
8749,Cosmic Torrent (1)
8750,Evoker of Elgoloth
8751,Dreadscorcher
8752,Mythical Evoker of Elgoloth
8753,Gildor's Pulverizer
8754,Mythical Dreadscorcher
8755,Venomlance
8755,Venomlance (1)
8756,Runebinder's Spellthrower
8789,Gutcrush Warmaul (1)
8790,Soulsplitter
8791,Cesarin's Conviction
8792,Empowered Soulsplitter
8793,Empowered Cesarin's Conviction
8794,Mythical Soulsplitter
8795,Mythical Cesarin's Conviction
8796,Fist of Ultos
8797,Death's Reach
8798,Guardian of Death's Gates
8799,Arcanor,Blade of the Luminari
8800,Mythical Death's Reach
8801,Mythical Guardian of Death's Gates
8802,Mythical Arcanor,Blade of the Luminari
8803,Gutsmasher
8804,Avenger's Crusher
8837,Stonewall Defender (1)
8838,Dreadguard
8839,Legionnaire's Rebuke
8840,Empowered Dreadguard
8841,Empowered Legionnaire's Rebuke
8842,Mythical Dreadguard
8843,Mythical Legionnaire's Rebuke
8844,Stormscourge Bulwark
8845,Maw of the Damned
8846,Watcher of Erulan
8847,Turrion's Reprisal
8848,Mythical Maw of the Damned
8849,Mythical Watcher of Erulan
8850,Mythical Turrion's Reprisal
8851,The Grey Knight
8852,Bulwark of Octavius
8853,Aegis Defender
8854,Spellscourge Bulwark
8883,Cleansed Blade of Elgoloth
8884,Empowered Cleansed Blade of Elgoloth
8885,Mythical Cleansed Blade of Elgoloth
8886,Legionnaire's Pride
8887,Edge of Death
8888,Pagar's Betrayal
8889,Mythical Edge of Death
8889,Mythical Edge of Death (1)
8890,Mythical Pagar's Betrayal
8891,Misery
8892,Belgothian's Slicer
8893,Bladed Plating (1/4)
8894,Blazing Ruby (1/4)
8895,Bloodied Crystal (1/4)
8896,Enchanted Earth (1/4)
8897,Runebound Topaz (1/4)
8898,Seal of Blades (1/4)
8899,Seal of Blight (1/4)
8900,Seal of Corruption (1/4)
8901,Seal of Destruction (1/4)
8902,Seal of Might (1/4)
8903,Seal of the Night (1/4)
8904,Seal of Resonance (1/4)
8905,Seal of Shadows (1/4)
8906,Seal of Skies (1/4)
8907,Seal of the Void (1/4)
8908,Spellscorched Plating (1/4)
8909,Tainted Heart (1/4)
8910,Ugdenbog Leather (1/4)
8911,Eldritch Mirror (1/4)
8912,Living Armor (1/4)
8913,Sacred Plating (1/4)
8914,Seal of Ancestry (1/4)
8915,Seal of Annihilation (1/4)
8916,Titan Plating (1/4)
8934,Mythical Vanguard Star
8935,Mythical Unholy Sigil of the Covenant
8936,Mythical Mark of the False Gods
8937,Mythical Mogdrogen Sigil
8938,Mythical Illusionist's Mark
8939,Mythical Black Star of Deceit
8940,Mythical Star of Frozen Skies
8941,Mythical Volcanum
8941,Mythical Volcanum (1)
8942,Mythical Myrmidon Revered Star
8943,Mythical Insignia of Justice
8944,Mythical Crimson Heart
8945,Mythical Heretic's Sigil
8946,Mythical Gutworm's Bloody Seal
8947,Mythical Combat Medic's Mark
8947,Mythical Combat Medic's Mark (1)
8948,Mythical Arcanum Sigil
8949,Mythical Tempest Sigil
8950,Mythical Mark of the Forbidden
8951,Mythical Pyroclasm Mark
8952,Mythical Sigil of the Bear King
8953,Mythical Blood Sigil of Ch'Thon
8954,Mythical Direwolf Crest
8955,Mythical Undying Oath
8956,Mythical Markovian's Stratagem
8957,Mythical Mark of Dark Dreams
8957,Mythical Mark of Dark Dreams (1)
8958,Mythical Mark of Anathema
8958,Mythical Mark of Anathema (1)
8959,Mythical Mark of Divinity
8960,Mythical Beastcaller's Talisman
8961,Mythical Unseeing Eye of the Blind Assassin
8962,Mythical Shard of Command
8962,Mythical Shard of Command (1)
8963,Mythical Soul Pendant
8964,Mythical Venomblade Amulet
8965,Mythical Arcane Eclipse
8966,Mythical Righteous Flame
8967,Mythical Icetrap
8968,Mythical Callidor's Shard
8969,Mythical Binding Emerald of Mogdrogen
8970,Mythical Aetherstorm Amulet
8971,Mythical Alazra's Ruby
8972,Mythical Amulet of the Eye
8973,Mythical Stormcaller's Gem
8974,Mythical Blightshard Amulet
8975,Mythical Bladeward's Courage
8976,Mythical Locust Gem
8977,Mythical Death Ward
8978,Mythical Wretched Necessity
8979,Mythical Shieldmaiden's Guard
8980,Mythical Frozen Core
8981,Mythical Amulet of Scorched Earth
8981,Mythical Amulet of Scorched Earth (1)
8982,Mythical Plaguemancer's Amulet
8983,Mythical Cerulean Shard
8984,Mythical Shard of Menhir
8985,Mythical Bramblewood Amulet
8986,Mythical Will of Bysmiel
8987,Mythical Thread of Mortality
8988,Mythical Avatar of Mercy
8988,Mythical Avatar of Mercy (1)
8989,Mythical Sovereign Ruby of Domination
8990,Mythical Peerless Eye of Beronath
8991,Mythical Starfury Emerald
8992,Mythical Essence of the Grim Dawn
8993,Mythical Deathbound Amethyst
8994,Mythical Celestial Stone of Halakor
8995,Mythical Doombringer
8996,Mythical Herald of the Apocalypse
8997,View unique affixes
8997,Mythical Pestilence of Dreeg (1)
8998,Mythical Night's Embrace
8999,Mythical Avenger of Cairn
8999,Mythical Avenger of Cairn (1)
9000,Mythical Dawnbreaker's Beacon
9001,Mythical Demonslayer's Defense
9002,Mythical Invoker's Shard
9003,Mythical Black Gem of Dreeg
9004,Mythical Iskandra's Focusing Prism
9005,Mythical Ultos' Gem
9006,Mythical Markovian's Distinction
9007,Mythical Heart of Ulzuin
9008,Mythical Heart of the Mountain
9009,Mythical Valdun's Bounty
9010,Mythical Arcane Shard of Agrivix
9011,Mythical Bloodrager's Gem
9012,Mythical Band of Wandering Souls
9013,Alkamos' Agony
9014,Alkamos' Torment
9015,Mythical Signet of the Damned
9016,Mythical Amarastan Sigil
9016,Mythical Amarastan Sigil (1)
9017,Mythical Aetherstorm Sigil
9018,Mythical Aetherstorm Seal
9019,Mythical Ruby of Elemental Balance
9019,Mythical Ruby of Elemental Balance (1)
9020,Mythical Sapphire of Elemental Balance
9020,Mythical Sapphire of Elemental Balance (1)
9021,Mythical Obsidian Seal
9022,Mythical Lorekeeper's Band
9023,Mythical Band of Black Ice
9024,Mythical Briarthorn Band
9025,Mythical Blackwatch Seal
9026,Mythical Starfire
9027,Mythical Aetherlord's Signet
9028,Mythical Eternal Band
9029,Mythical Ring of Eternal Rot
9030,Mythical Seal of the Blazing Inferno
9031,Mythical Sentinel's Seal
9032,Mythical Quickening Gem
9033,Mythical Goliath Signet
9033,Mythical Goliath Signet (1)
9034,Mythical Signet of the Fallen
9035,Mythical Glyph of Kelphat'Zoth
9035,Mythical Glyph of Kelphat'Zoth (1)
9036,Mythical Lifegiver Signet
9037,Mythical Time-Flux Band
9037,Mythical Time-Flux Band (1)
9038,Mythical Screams of the Aether
9039,Mythical Entropic Coil
9040,Mythical Ring of the Black Matriarch
9041,Mythical Band of the Eternal Haunt
9041,Mythical Band of the Eternal Haunt (1)
9042,Mythical Belgothian's Sigil
9043,Mythical Albrecht's Duality
9044,Mythical Open Hand of Mercy
9045,Mythical Closed Fist of Vengeance
9046,Mythical Invoker's Burning Hand
9047,Mythical Invoker's Shocking Touch
9048,Alkamos' Touch of Dread
9049,Alkamos' Touch of Anguish
9050,Mythical Chains of Anguish
9050,Mythical Chains of Anguish (1)
9051,Mythical Sharpshooter's Pouch
9052,Mythical Shadowstalker's Belt
9053,Mythical Legionnaire's Triumph
9054,Mythical Stormtouched Chains
9055,Mythical Soulbinder's Chains
9056,Mythical Blazethread Sash
9057,Mythical Dreadweave Girdle
9058,Mythical Equilibrium Sash
9059,Mythical Flame Keeper's Girdle
9060,Mythical Alchemist's Belt
9060,Mythical Alchemist's Belt (1)
9061,Mythical Acolyte's Cord
9062,Mythical Chthonian Thread Sash
9063,Mythical Bloodbathed Links
9064,Mythical Thorn Girdle of the Misty Glade
9065,Mythical Blade Breaker Sash
9066,Mythical Boneweave Girdle
9067,Mythical Voidmancer's Cord
9068,Mythical Guthook Belt
9069,Mythical Tinker's Ingenuity
9069,Mythical Tinker's Ingenuity (1)
9070,Mythical Sash of the Bloodlord
9071,Mythical Hammerfall Girdle
9071,Mythical Hammerfall Girdle (1)
9072,Mythical Reforged Chains of Oleron
9073,Mythical Ulzuin's Torment
9074,Mythical Sash of the Immortal Sage
9074,Mythical Sash of the Immortal Sage (1)
9075,Mythical Girdle of Stolen Dreams
9076,Mythical Spellbreaker Waistguard
9077,Mythical Phantom-Thread Girdle
9078,Mythical Wildblood Girdle
9079,Mythical Infernal Knight's Girdle
9080,Mythical Serpentine Wraps
9081,Mythical Desecrator Treads
9082,Mythical Spellsage Boots
9083,Mythical Magelord's Greaves (1)
9083,Mythical Magelord's Greaves
9084,Mythical Molten Walkers
9085,Mythical Bloodhound Greaves
9086,Mythical Final March
9087,Mythical Rifthound Leather Boots (1)
9087,Mythical Rifthound Leather Boots
9088,Mythical Dreadnought Footpads
9089,Mythical Golemborn Greaves
9090,Mythical Wyrmscale Footguards
9091,Mythical Venomspine Greaves
9092,Mythical Voidwalker Footpads
9093,Mythical Boneshatter Treads
9094,Mythical Wraithwalkers
9095,Mythical Windshear Greaves (1)
9095,Mythical Windshear Greaves
9096,Mythical Stormtitan Treads
9097,Mythical Footpads of the Grey Magi (1)
9097,Mythical Footpads of the Grey Magi
9098,Mythical Earthshatter Treads
9099,Mythical Runic Bracers
9100,Mythical Blacksteel Gauntlets
9101,Mythical Dawnguard Gauntlets
9102,Mythical Doomtouch
9103,Mythical Dreadchill Grasp
9104,Mythical Bladedancer's Handguards
9105,Mythical Soul's Touch
9105,Mythical Soul's Touch (1)
9106,Mythical Embergrip Handguards
9107,Mythical Brawler's Gloves
9108,Mythical Quickdraw Gloves
9108,Mythical Quickdraw Gloves (1)
9109,Mythical Thundertouch Bracers
9110,Mythical Grasp of Unchained Might
9111,Mythical Touch of the Everliving Grove
9112,Mythical Voidsteel Gauntlets
9113,Mythical Bonescavenger's Deathgrips
9114,Mythical Wyrmbone Handguards
9114,Mythical Wyrmbone Handguards (1)
9115,Mythical Iceskorn Talons
9115,Mythical Iceskorn Talons (1)
9116,Mythical Viperfang Grips
9117,Mythical Aethereach
9118,Mythical Colossal Grasp
9119,Mythical Handguards of Justice
9120,Mythical Harbinger's Grasp
9121,Mythical Light's Defender Gauntlets
9122,Mythical Glory of the Silver Knight
9123,Mythical Terror of the Grove
9124,Mythical Spiritweaver Circlet
9125,Mythical Shadowspark Hood
9126,Mythical Cowl of the Blind Assassin
9126,Mythical Cowl of the Blind Assassin (1)
9127,Mythical Sharpshooter's Glass Eye
9127,Mythical Sharpshooter's Glass Eye (1)
9128,Mythical Unholy Visage of the Covenant
9128,Mythical Unholy Visage of the Covenant (1)
9129,Mythical Dawnguard Helm
9129,Mythical Dawnguard Helm (1)
9130,Mythical Frostshard Crown
9131,Mythical Eyes of the Reaper
9132,Mythical Myrmidon Visor
9132,Mythical Myrmidon Visor (1)
9133,Mythical Cowl of Mogdrogen
9133,Mythical Cowl of Mogdrogen (1)
9134,Mythical Crown of Command
9135,Mythical Eye of the Beholder
9136,Mythical Mask of Delirium
9137,Mythical Tempest of the Void
9138,Mythical Eldritch-Keeper's Casque
9139,Mythical Triumvirate
9140,Mythical Maw of Despair
9140,Mythical Maw of Despair (1)
9141,Mythical Dread-Mask of Gurgoth
9141,Mythical Dread-Mask of Gurgoth (1)
9142,Mythical Whisperer of Secrets
9142,Mythical Whisperer of Secrets (1)
9143,Mythical Abyssal Mask
9143,Mythical Abyssal Mask (1)
9144,Mythical Circlet of the Great Serpent
9144,Mythical Circlet of the Great Serpent (1)
9145,Mythical Mask of Infernal Truth
9145,Mythical Mask of Infernal Truth (1)
9146,Mythical Faceguard of Justice
9146,Mythical Faceguard of Justice (1)
9147,Mythical Beastcaller's Cowl
9147,Mythical Beastcaller's Cowl (1)
9148,Mythical Mask of the Harbinger
9148,Mythical Mask of the Harbinger (1)
9149,Mythical Demonslayer's Hat
9149,Mythical Demonslayer's Hat (1)
9150,Mythical Clairvoyant's Hat
9150,Mythical Clairvoyant's Hat (1)
9151,Mythical Markovian's Visor
9151,Mythical Markovian's Visor (1)
9152,Mythical Ulzuin's Headguard
9152,Mythical Ulzuin's Headguard (1)
9153,Mythical Hood of Dreeg
9153,Mythical Hood of Dreeg (1)
9154,Mythical Deathmarked Hood
9154,Mythical Deathmarked Hood (1)
9155,Mythical Iskandra's Hood
9155,Mythical Iskandra's Hood (1)
9156,Mythical Ultos' Hood
9156,Mythical Ultos' Hood (1)
9157,Mythical Crown of the Winter King
9157,Mythical Crown of the Winter King (1)
9158,Mythical Trozan's Hat
9158,Mythical Trozan's Hat (1)
9159,Mythical Valdun's Hat
9159,Mythical Valdun's Hat (1)
9160,Outcast's Secret
9161,Eldritch Gaze
9161,Eldritch Gaze (1)
9162,Covenant of the Three
9162,Covenant of the Three (1)
9163,Mythical Cowl of the Venomblade
9163,Mythical Cowl of the Venomblade (1)
9164,Mythical Visage of the Black Flame
9164,Mythical Visage of the Black Flame (1)
9165,Mythical Light's Defender Helm
9165,Mythical Light's Defender Helm (1)
9166,Mythical Infernal Knight's Faceguard
9166,Mythical Infernal Knight's Faceguard (1)
9167,Mythical Warborn Visor
9167,Mythical Warborn Visor (1)
9168,Mythical Bloodrager's Cowl
9168,Mythical Bloodrager's Cowl (1)
9169,Mythical Flesheater Legwraps
9170,Mythical Shadeleather Leggings
9171,Mythical Hulking Legguards
9172,Mythical Bladeguard Leggings
9173,Mythical Rifthound Legwraps
9174,Mythical Spellweave Legwraps
9174,Mythical Spellweave Legwraps (1)
9175,Mythical Soiled Trousers
9176,Mythical Slithscale Legwraps
9177,Mythical Templar's Leg Armor
9178,Mythical Demonbone Legplates
9179,Mythical Boneweave Leggings
9180,Mythical Deathwhisper Leggings
9181,Mythical Hellforged Legplates
9182,Mythical Fateweaver's Leggings
9183,Mythical Wraithborne Legwraps
9184,Mythical Arcane Harmony Leggings
9184,Mythical Arcane Harmony Leggings (1)
9185,Mythical Thornhide Legguards
9186,Mythical Nidalla's Legwraps
9187,Mythical Legwraps of the Tranquil Mind
9188,Mythical Chausses of Barbaros
9189,Mythical Stormcage Legguards
9190,Really Great Pants
9190,Really Great Pants (1)
9191,Mythical Wildshorn Legguards
9192,Mythical Shellshock Epaulets
9193,Mythical Mantle of the Patron
9194,Mythical Unholy Mantle of the Covenant
9195,Mythical Dawnguard Epaulets
9196,Mythical Alchemist's Mantle
9197,Mythical Chillmane Mantle
9198,Mythical Amarastan Pauldrons
9198,Mythical Amarastan Pauldrons (1)
9199,Mythical Flame Keeper's Pauldrons
9200,Mythical Callidor's Mantle
9201,Mythical Astral Mantle
9202,Mythical Mantle of the Weeping Eye
9203,Mythical Fateweaver's Mantle
9204,Mythical Divinesteel Shoulderguard
9205,Mythical Bloodfury Spaulders
9206,Mythical Shadowflame Mantle
9207,Mythical Titan Pauldrons
9207,Mythical Titan Pauldrons (1)
9208,Mythical Chilldread Mantle
9209,Mythical Vileblood Mantle
9209,Mythical Vileblood Mantle (1)
9210,Mythical Fiendflesh Mantle
9211,Mythical Shoulderguards of Justice
9212,Mythical Beastcaller's Shoulderpads
9213,Mythical Dawnbreaker's Shoulderguard
9214,Mythical Wildblood Mantle
9215,Mythical Clairvoyant's Mantle
9216,Mythical Markovian's Vanguard
9217,Mythical Ulzuin's Shoulderguard
9218,Mythical Mantle of Dreeg
9219,Mythical Deathmarked Shoulderguard
9220,Mythical Iskandra's Pauldrons
9221,Mythical Ultos' Spaulders
9222,Mythical Trozan's Mantle
9223,Mythical Mantle of the Black Flame
9224,Mythical Light's Defender Epaulets
9225,Mythical Infernal Knight's Pauldrons
9226,Mythical Mantle of Agrivix
9227,Mythical Warborn Pauldrons
9228,Mythical Bloodrager's Shoulderguard
9229,Mythical Magnison's Trench Coat
9230,Mythical Vestment of Mourning
9231,Mythical Spidersilk Hauberk
9232,Mythical Cloth of Unspeakable Invocation
9233,Mythical Stealth Jacket of the Blind Assassin
9234,Mythical Sharpshooter's Coat
9235,Mythical Dawnguard Plate
9236,Mythical Voidforged Battle Plate
9237,Mythical Flame Keeper's Jacket
9237,Mythical Flame Keeper's Jacket (1)
9238,Mythical Callidor's Vestments
9238,Mythical Callidor's Vestments (1)
9239,Mythical Myrmidon Chestguard
9240,Mythical Surcoat of Mogdrogen
9241,Mythical Nighthunter's Chestguard (1)
9241,Mythical Nighthunter's Chestguard
9242,Mythical Doomforged Breastplate (1)
9242,Mythical Doomforged Breastplate
9243,Mythical Skinflayer Raiment
9244,Mythical Zolhan's Battle Plate
9245,Mythical Fiendscale Jacket
9246,Mythical Devil's Cage Hauberk
9247,Mythical Shroud of Illusion
9248,Mythical Vestments of the Great Guardian
9249,Mythical Dread Armor of Azragor (1)
9249,Mythical Dread Armor of Azragor
9250,Mythical Korvoran's Chestguard
9251,Mythical Fiendmaster Raiment
9252,Mythical Divinesteel Hauberk (1)
9252,Mythical Divinesteel Hauberk
9253,Mythical Chestguard of Justice
9254,Mythical Beastcaller's Shroud
9255,Mythical Demonslayer's Jacket
9256,Mythical Clairvoyant's Robe
9257,Mythical Markovian's Platemail
9258,Mythical Ulzuin's Chestguard
9259,Mythical Vestments of Dreeg
9260,Mythical Deathmarked Jacket
9261,Mythical Iskandra's Vestments
9262,Mythical Ultos' Cuirass
9263,Mythical Frostdread Cuirass
9264,Mythical Trozan's Vestments
9265,Mythical Valdun's Jacket
9266,Mythical Stealth Jacket of the Venomblade
9267,Mythical Light's Defender Plate
9268,Mythical Infernal Knight's Jacket
9269,Mythical Vestments of Agrivix
9270,Mythical Warborn Chestguard
9271,Mythical Bloodrager's Coat
9272,Mythical Notched Bone of a Thousand Deaths
9273,Mythical Corpse Desecrator
9274,Mythical Asterkarn Cleaver
9275,Mythical Cruel Edge
9276,Mythical Reaper's Touch
9277,Mythical Gorefeast
9278,Mythical Storm's Edge
9279,Mythical Doomsaw of Gluttony
9279,Mythical Doomsaw of Gluttony (1)
9280,Mythical Butcher of Burrwitch
9281,Mythical Crescent Moon
9281,Mythical Crescent Moon (1)
9282,Mythical Brutallax
9283,Mythical Earthsplitter
9284,Mythical Damnation
9285,Mythical Deathmarked Decapitator
9286,Mythical Aethersteel Arbiter
9287,Mythical Fist of the Blind Assassin
9288,Mythical Black Hand of Sanar'Siin
9289,Mythical War's Rebuke
9290,Mythical Anarchy
9291,Mythical Bonesnap Gavel
9292,Mythical Sacred Hammer of Eternal Wrath
9293,Mythical Blessed Torch
9293,Mythical Blessed Torch (1)
9294,Mythical Spiritcrusher
9295,Mythical Death Omen
9296,Mythical Beacon of the Winter's Veil
9297,Mythical Agony
9298,Mythical Herald of Blazing Ends
9299,Mythical Plaguebearer of Dreeg
9299,Mythical Plaguebearer of Dreeg (1)
9300,Mythical Dawnbreaker's Sledge
9301,Mythical Fist of the Venomblade
9302,Mythical Warborn Gavel
9303,Mythical Sparkstone Scepter
9304,Mythical Firestorm Scepter
9305,Mythical Spellweaver
9306,Mythical Blightstone Invoker
9307,Mythical Stormtrap
9308,Mythical Hellrune Carver
9308,Mythical Hellrune Carver (1)
9309,Mythical Glacierborn Spellblade
9310,Mythical Bloodied Dagger of the Covenant
9311,Mythical Voidblade
9312,Mythical Cortosian Invoker
9313,Mythical Coldsnap
9314,Mythical Skyshard Spellblade
9315,Mythical Tainted Blade of Nera'Val
9315,Mythical Tainted Blade of Nera'Val (1)
9316,Mythical Fiendblood Spellblade
9317,Scepter of Aldritch
9318,Mythical Touch of Purity
9319,Mythical Black Scourge
9320,Mythical Wrath of the Ascendant
9321,Mythical Soulbearer
9322,Mythical Olexra's Chill
9323,Mythical Panetti's Replicating Wand
9324,Mythical Spark of Ultos
9325,Mythical Shard of Asterkarn
9325,Mythical Shard of Asterkarn (1)
9326,Mythical Venomlash
9327,Mythical Warpfire
9328,Mythical Temporal Tempest
9329,Mythical Dracarris
9330,Mythical Fang of Ch'thon
9330,Mythical Fang of Ch'thon (1)
9331,Mythical Basilisk Claw
9332,Mythical Clairvoyant's Wand
9333,Mythical Runed Dagger of Dreeg
9334,Mythical Trozan's Starkeeper
9335,Mythical Blade of the Black Flame
9336,Decree of Aldritch
9337,Mythical Sacred Texts of Menhir
9338,Mythical Nocturnis
9339,Mythical Channeling Orb of the Covenant
9340,Mythical Scorcher's Archive
9341,Mythical Callidor's Codex
9342,Mythical Dementia
9343,Mythical Stormcaller's Effigy
9344,Mythical Banshee's Misery
9344,Mythical Banshee's Misery (1)
9345,Mythical Wyrmclaw
9346,Mythical Black Grimoire of Og'Napesh
9347,Mythical Edrick's Backscratcher
9348,Mythical Fiend's Resolve
9349,Mythical Aldanar's Vanity
9350,Mythical Codex of Lies
9351,Mythical Tome of Names
9352,Mythical Blood Orb of Ch'thon
9352,Mythical Blood Orb of Ch'thon (1)
9353,Mythical Speaker for the Dead
9354,Mythical Tome of the Arcane Wastes
9355,Mythical Skull of Gul'Amash
9356,Mythical Wretched Tome of Nar'Adin
9356,Mythical Wretched Tome of Nar'Adin (1)
9357,Mythical Codex of Eternal Storms
9358,Mythical Consumption of Agrivix
9359,Mythical Invoker's Blaze
9360,Mythical Iskandra's Texts
9361,Mythical Orb of the Black Flame
9362,Mythical Codex of Agrivix
9363,Mythical Mediator
9364,Mythical Frigid Barrel of the Relentless North
9365,Mythical Burrwitch Peacekeeper
9365,Mythical Burrwitch Peacekeeper (1)
9366,Mythical Corpseflayer
9367,Mythical Chillborer
9368,Mythical Leander Greene's Hand Cannon
9369,Mythical Witchstalker
9370,Mythical Orwell's Revolver
9371,Mythical Mutiny
9372,Mythical Outlaw's Retribution
9373,Mythical Soulflayer
9374,Mythical Plagueborne Revolver
9375,Mythical Deviltongue
9376,Mythical Havoc
9377,Mythical Exonerator
9378,Mythical Exterminus
9379,Mythical Arcanum Sigillis
9380,Mythical Deathdealer's Sidearm
9380,Mythical Deathdealer's Sidearm (1)
9381,Mythical Demonslayer's Life-Ender
9382,Mythical Barrelsmith's Salvo
9383,Mythical Barrelsmith's Crossfire
9384,Mythical Wretched Crow of Bysmiel
9385,Mythical Wrathbringer
9386,Mythical Thunderclap
9387,Mythical Sharpshooter's Bolt Rifle
9388,Mythical Nar's Arcane Destroyer
9389,Mythical Warpbreath Arbalest
9390,Mythical Flame Keeper's Repeater
9391,Mythical Boltspitter
9392,Mythical Frigid Quillbreath
9393,Mythical Arachnid's Embrace
9394,Mythical Sparkbolt Arbalest
9395,Mythical Huntsman
9396,Mythical Eye
9397,Mythical Hellmaw Shotgun
9397,Mythical Hellmaw Shotgun (1)
9398,Mythical Silverbolt
9399,Mythical Quillthrower of Dreeg
9400,Mythical Northern Wyrm
9400,Mythical Northern Wyrm (1)
9401,Mythical Raka'Jax
9402,Mythical Adversary
9403,Mythical Witching Hour
9404,Mythical Hellborne
9405,Mythical Vortex of Souls
9405,Mythical Vortex of Souls (1)
9406,Mythical Gutripper
9407,Mythical Harbinger of Eternal Suffering
9408,Mythical Ulzuin's Flamespreader
9409,Mythical Valdun's Rifle
9410,Mythical Razorleaf Glaive
9411,Mythical Scythe of Tenebris
9412,Mythical Champion of the Light
9413,Mythical Wrathmourne
9413,Mythical Wrathmourne (1)
9414,Mythical Blessed Cleaver of Mogdrogen
9415,Mythical Massacre
9416,Mythical Tremor
9417,Mythical Conduit
9418,Mythical Golemfist Gavel
9419,Mythical Wrathblade
9420,Mythical Alvarick's Rebuke
9421,Shar'Zul's Incinerator
9422,Mythical Stonefist Rebuke
9423,Mythical Guillotine
9424,Mythical Nightshade's Reach
9425,Mythical Obsidian Juggernaut
9426,Mythical Infernal Brimstone
9427,Mythical Stormreaver
9427,Mythical Stormreaver (1)
9428,Mythical Bane of the Winter King
9429,Mythical Temporal Arcblade
9429,Mythical Temporal Arcblade (1)
9430,Mythical Wildblood Crusher
9431,Mythical Ultos' Stormseeker
9432,Mythical Leviathan
9433,Soulrend
9434,Shar'Zul's Worldeater
9435,Mythical Dawnshard Bulwark
9436,Mythical Templar's Faith
9437,Mythical Blazeguard Arbiter
9438,Mythical Myrmidon's Guard
9439,Mythical Spiriteater Bulwark
9440,Mythical Elementium
9441,Mythical Crest of the Black Legion
9442,Mythical Lichguard
9442,Mythical Lichguard (1)
9443,Mythical Ravna's Guard
9444,Mythical Meat Shield
9445,Mythical Final Stop
9446,Mythical Untouchable
9447,Mythical Will of the Living
9448,Mythical Skybreach Bulwark
9449,Mythical Siegebreaker
9450,Mythical Zolhan's Revenge
9450,Mythical Zolhan's Revenge (1)
9451,Mythical Dawnbreaker's Duty
9452,Mythical Markovian's Bulwark
9453,Mythical Chillblaze
9454,Mythical Spinecarver
9455,Mythical Assassin's Calling
9456,Mythical Razor of the Blind Assassin
9457,Mythical Bloodborn Sabre
9458,Mythical Hound's Bite
9459,Mythical Omen
9460,Mythical Duelist's Sabre
9460,Mythical Duelist's Sabre (1)
9461,Mythical Flamebrand
9462,Mythical Crimson Spike
9463,Mythical Crystallum
9464,Mythical Grim Fate
9465,Mythical Mindwarp
9466,Mythical Beronath,Reforged
9466,Mythical Beronath,Reforged (1)
9467,Mythical Bloodsong
9468,Mythical Nex
9469,Mythical Ortus
9470,Mythical Deathmarked Claw
9471,Mythical Stormheart
9472,Mythical Reaver's Claw
9473,Mad Queen's Claw
9474,Mythical Razor of the Venomblade
11180,Krieg's Boots
11181,Krieg's Grip
11182,Krieg's Mask
11183,Krieg's Shoulderguards
11184,Krieg's Chestguard
11185,Heart of Darkness
11186,Heart of Darkness (1)
11199,Core of Galgabor
11200,Blazeheart
11201,Mythical Sigil of the Depraved
11202,Mythical Chillsurge Ring
11203,Mythical Cord of the Ancestor
11204,Spaulders of Mogdrogen
11205,Mantle of Mogdrogen
11206,Mythical Soulcarver
11214,Recipe: Ugdenjuice
11215,Recipe: Ugdensalve
11216,Recipe: Vilescar Ointment
11217,Recipe: Elixir of the Dranghoul
11218,Recipe: Elixir of Mogdrogen
11219,Elixir of the Dranghoul (3)
11220,Elixir of Mogdrogen (3)
11221,Vilescar Ointment (3)
11222,Ugdenjuice (3)
11223,Ugdensalve (3)
11224,Dark One's Grasp
11225,Mythical Corruptor's Mask
11226,Mythical Silver Sentinel's Mask
11227,Dark One's Hood
11228,Dark One's Mantle
11230,Dark One's Raiment
11231,Corruption of Galgabor
11232,Lokarr's Boots
11233,Lokarr's Gaze
11234,Lokarr's Mantle
11235,Lokarr's Coat
11236,Blueprint: Conduit of Warring Whispers
11237,Blueprint: Conduit of Destructive Whispers
11238,Blueprint: Conduit of Eldritch Whispers
11239,Blueprint: Conduit of Night Whispers
11240,Blueprint: Conduit of Arcane Whispers
11241,Blueprint: Conduit of Wild Whispers
11242,Blueprint: Conduit of Runic Whispers
11243,Blueprint: Conduit of Undying Whispers
11244,View unique affixes
11244,Conduit of Warring Whispers (1)
11245,View unique affixes
11245,Conduit of Destructive Whispers (1)
11246,View unique affixes
11246,Conduit of Eldritch Whispers (1)
11247,View unique affixes
11247,Conduit of Night Whispers (1)
11248,View unique affixes
11248,Conduit of Arcane Whispers (1)
11249,View unique affixes
11249,Conduit of Wild Whispers (1)
11250,View unique affixes
11250,Conduit of Runic Whispers (1)
11251,View unique affixes
11251,Conduit of Undying Whispers (1)
11289,Cauldron of Excitement
11290,Cauldron of Excitement
11291,Cauldron of Excitement
11292,Blueprint: Mythical Cowl of the Paragon
11293,Aetherial Missive
11294,Aetherial Mutagen
11295,Wendigo Spirit
11296,Wrathguard
11296,Wrathguard (1)
11298,Mythical Eastern Gloves
11299,Mythical Cowl of the Paragon
11299,Mythical Cowl of the Paragon (1)
11300,Mythical Eastern Legguards
11301,Mythical Shoulderguard of the Paragon
11302,Mythical Eastern Robes
11303,Mythical Plagueblood Carver
